"symbol","security_name","is_etf","theme_count","themes"
"AAPG","Ascentage Pharma Group International - American Depository Shares","False","1","Biomed"
"ABAT","American Battery Technology Company - Common Stock","False","1","Infrastructure_Energy"
"ACET","Adicet Bio, Inc. - Common Stock","False","1","Biomed"
"ADGM","Adagio Medical Holdings, Inc - Common Stock","False","1","Biomed"
"AEMD","Aethlon Medical, Inc. - Common Stock","False","1","Biomed"
"AEP","American Electric Power Company, Inc. - Common Stock","False","1","Infrastructure_Energy"
"AG","First Majestic Silver Corp. Ordinary Shares (Canada)","False","1","Critical_Metals_Batteries"
"AGIQ","SoFi Agentic AI ETF","True","1","AI_Chips_DataCenters"
"AGMI","Themes Silver Miners ETF","True","1","Critical_Metals_Batteries"
"AGPU","Axe Compute Inc. - Common Stock","False","1","AI_Chips_DataCenters"
"AGQ","ProShares Ultra Silver","True","1","Critical_Metals_Batteries"
"AI","C3.ai, Inc. Class A Common Stock","False","1","AI_Chips_DataCenters"
"AIBD","Direxion Daily AI and Big Data Bear 2X Shares","True","1","AI_Chips_DataCenters"
"AIBU","Direxion Daily AI and Big Data Bull 2X Shares","True","1","AI_Chips_DataCenters"
"AIEQ","Amplify AI Powered Equity ETF","True","1","AI_Chips_DataCenters"
"AIIA","AI Infrastructure Acquisition Corp. Class A Ordinary Shares","False","1","AI_Chips_DataCenters"
"AIIA.R","AI Infrastructure Acquisition Corp. Rights, each entitling the holder to receive one-fifth (1/5) of one Class A Ordinary Share","False","1","AI_Chips_DataCenters"
"AIIA.U","AI Infrastructure Acquisition Corp. Units, each consisting of one Class A Ordinary Share and one Right","False","1","AI_Chips_DataCenters"
"AIIO","Robo.ai Inc. - Class B Ordinary Shares","False","1","AI_Chips_DataCenters"
"AIIOW","Robo.ai Inc. - Warrant","False","1","AI_Chips_DataCenters"
"AIPI","REX AI Equity Premium Income ETF","True","1","AI_Chips_DataCenters"
"AIPO","Defiance AI & Power Infrastructure ETF","True","2","AI_Chips_DataCenters;Infrastructure_Energy"
"AISP","Airship AI Holdings, Inc - Class A Common Stock","False","1","AI_Chips_DataCenters"
"AISPW","Airship AI Holdings, Inc - Warrants","False","1","AI_Chips_DataCenters"
"AIVC","Amplify Bloomberg AI Value Chain ETF","True","1","AI_Chips_DataCenters"
"AIVI","WisdomTree International AI Enhanced Value Fund","True","1","AI_Chips_DataCenters"
"AIVL","WisdomTree U.S. AI Enhanced Value Fund","True","1","AI_Chips_DataCenters"
"AIYY","YieldMax AI Option Income Strategy ETF","True","1","AI_Chips_DataCenters"
"AKTS","Aktis Oncology, Inc. - Common stock","False","1","Biomed"
"ALAI","Alger AI Enablers & Adopters ETF","True","1","AI_Chips_DataCenters"
"ALXO","ALX Oncology Holdings Inc. - Common Stock","False","1","Biomed"
"AMIX","Autonomix Medical, Inc. - Common Stock","False","1","Biomed"
"AMOM","QRAFT AI-Enhanced U.S. Large Cap Momentum ETF","True","1","AI_Chips_DataCenters"
"ANVS","Annovis Bio, Inc. Common Stock","False","1","Biomed"
"AOSL","Alpha and Omega Semiconductor Limited - Common Shares","False","1","AI_Chips_DataCenters"
"APYX","Apyx Medical Corporation - Common Stock","False","1","Biomed"
"AQN","Algonquin Power & Utilities Corp. Common Shares","False","1","Infrastructure_Energy"
"AQNB","Algonquin Power & Utilities Corp. 6.20% Fixed-to-Floating Subordinated Notes Series 2019-A due July 1, 2079","False","1","Infrastructure_Energy"
"ARAI","Arrive AI Inc. - Common Stock","False","1","AI_Chips_DataCenters"
"ARKX","ARK Space & Defense Innovation ETF","True","1","Defense"
"ARTY","iShares Future AI & Tech ETF","True","1","AI_Chips_DataCenters"
"ASM","Avino Silver & Gold Mines Ltd. Common Shares (Canada)","False","1","Critical_Metals_Batteries"
"ASND","Ascendis Pharma A/S - American Depositary Shares","False","1","Biomed"
"ASTI","Ascent Solar Technologies, Inc - Common Stock","False","1","Infrastructure_Energy"
"ATHA","Athira Pharma, Inc. - Common Stock","False","1","Biomed"
"ATLX","Atlas Lithium Corporation - Common Stock","False","1","Critical_Metals_Batteries"
"ATYR","aTyr Pharma, Inc. - Common Stock","False","1","Biomed"
"AVNS","Avanos Medical, Inc. Common Stock","False","1","Biomed"
"BAER","Bridger Aerospace Group Holdings, Inc. - Common Stock","False","1","Defense"
"BAERW","Bridger Aerospace Group Holdings, Inc. - Warrant","False","1","Defense"
"BATT","Amplify Lithium & Battery Technology ETF","True","2","Critical_Metals_Batteries;Infrastructure_Energy"
"BBAI","BigBear.ai, Inc. Common Stock","False","1","AI_Chips_DataCenters"
"BBAI.W","BigBear.ai, Inc. Redeemable Warrants, each exercisable for one share of Common Stock at an exercise price of $11.50 per share","False","1","AI_Chips_DataCenters"
"BBB","CYBER HORNET S&P 500 and Bitcoin 75/25 Strategy ETF","True","1","Defense"
"BBC","Virtus LifeSci Biotech Clinical Trials ETF","True","1","Biomed"
"BBH","VanEck Biotech ETF","True","1","Biomed"
"BBIO","BridgeBio Pharma, Inc. - Common Stock","False","1","Biomed"
"BBLU","EA Bridgeway Blue Chip ETF","True","1","AI_Chips_DataCenters"
"BBOT","BridgeBio Oncology Therapeutics, Inc. - Common Stock","False","1","Biomed"
"BBP","Virtus LifeSci Biotech Products ETF","True","1","Biomed"
"BCHP","Principal Focused Blue Chip ETF","True","1","AI_Chips_DataCenters"
"BDMD","Baird Medical Investment Holdings Ltd - Ordinary Share","False","1","Biomed"
"BDMDW","Baird Medical Investment Holdings Ltd - Warrant","False","1","Biomed"
"BEP","Brookfield Renewable Partners L.P. Limited Partnership Units","False","1","Infrastructure_Energy"
"BEP$A","Brookfield Renewable Partners L.P. 5.25% Class A Preferred Limited Partnership Units, Series 17","False","1","Infrastructure_Energy"
"BEPC","Brookfield Renewable Corporation Brookfield Renewable Corporation Class A Subordinate Voting Shares","False","1","Infrastructure_Energy"
"BFLY","Butterfly Network, Inc. Class A Common Stock","False","1","AI_Chips_DataCenters"
"BFLY.W","Butterfly Network, Inc. Warrants","False","1","AI_Chips_DataCenters"
"BFRG","Bullfrog AI Holdings, Inc. - Common Stock","False","1","AI_Chips_DataCenters"
"BFRGW","Bullfrog AI Holdings, Inc. - Warrants","False","1","AI_Chips_DataCenters"
"BGMS","Bio Green Med Solution, Inc. - Common Stock","False","1","Biomed"
"BGMSP","Bio Green Med Solution, Inc. - 6% Convertible Preferred Stock","False","1","Biomed"
"BIO","Bio-Rad Laboratories, Inc. Class A Common Stock","False","1","Biomed"
"BIO.B","Bio-Rad Laboratories, Inc. Class B  Common Stock","False","1","Biomed"
"BKYI","BIO-key International, Inc. - Common Stock","False","1","Biomed"
"BLDP","Ballard Power Systems, Inc. - Common Shares","False","1","Infrastructure_Energy"
"BLTE","Belite Bio, Inc - American Depositary Shares","False","1","Biomed"
"BMGL","Basel Medical Group Ltd - ordinary shares","False","1","Biomed"
"BNAI","Brand Engagement Network Inc. - Common Stock","False","1","AI_Chips_DataCenters"
"BNAIW","Brand Engagement Network Inc. - Warrant","False","1","AI_Chips_DataCenters"
"BNGE","First Trust S-Network Streaming and Gaming ETF","True","1","AI_Chips_DataCenters"
"BNGO","Bionano Genomics, Inc. - Common Stock","False","1","Biomed"
"BNR","Burning Rock Biotech Limited - American Depositary Shares","False","1","Biomed"
"BOLD","Boundless Bio, Inc. - Common Stock","False","1","Biomed"
"BUFF","Innovator Laddered Allocation Power Buffer ETF","True","1","Infrastructure_Energy"
"BUI","BlackRock Utility, Infrastructure & Power Opportunities Trust","False","1","Infrastructure_Energy"
"CABA","Cabaletta Bio, Inc. - Common Stock","False","1","Biomed"
"CANC","Tema Oncology ETF","True","1","Biomed"
"CARZ","First Trust S-Network Future Vehicles & Technology ETF","True","1","AI_Chips_DataCenters"
"CCM","Concord Medical Services Holdings Limited American Depositary Shares (Each represents thirty (30) Class A ordinary shares)","False","1","Biomed"
"CDP","COPT Defense Properties Common Shares of Beneficial Interest","False","1","Defense"
"CEF","Sprott Physical Gold and Silver Trust Units","True","1","Critical_Metals_Batteries"
"CELZ","Creative Medical Technology Holdings, Inc. - Common Stock","False","1","Biomed"
"CENX","Century Aluminum Company - Common Stock","False","1","Critical_Metals_Batteries"
"CGON","CG Oncology, Inc. - Common stock","False","1","Biomed"
"CHAI","Core AI Holdings, Inc. - Common Shares","False","1","AI_Chips_DataCenters"
"CHAT","Roundhill Generative AI & Technology ETF","True","1","AI_Chips_DataCenters"
"CHPS","Xtrackers Semiconductor Select Equity ETF","True","1","AI_Chips_DataCenters"
"CHPX","Global X AI Semiconductor & Quantum ETF","True","1","AI_Chips_DataCenters"
"CHPY","YieldMax Semiconductor Portfolio Option Income ETF","True","1","AI_Chips_DataCenters"
"CHRS","Coherus Oncology, Inc. - Common Stock","False","1","Biomed"
"CLYM","Climb Bio, Inc. - Common Stock","False","1","Biomed"
"CNRG","State Street SPDR S&P Kensho Clean Power ETF","True","1","Infrastructure_Energy"
"COCH","Envoy Medical, Inc. - Class A Common Stock","False","1","Biomed"
"COCHW","Envoy Medical, Inc. - Warrant","False","1","Biomed"
"COCP","Cocrystal Pharma, Inc. - Common Stock","False","1","Biomed"
"COPA","Themes Copper Miners ETF","True","1","Critical_Metals_Batteries"
"COPJ","Sprott Junior Copper Miners ETF","True","1","Critical_Metals_Batteries"
"COPP","Sprott Copper Miners ETF","True","1","Critical_Metals_Batteries"
"COPX","Global X Copper Miners ETF","True","1","Critical_Metals_Batteries"
"CPER","United States Copper Index Fund ETV","True","1","Critical_Metals_Batteries"
"CPHI","China Pharma Holdings, Inc. Common Stock","False","1","Biomed"
"CPXR","USCF Daily Target 2X Copper Index ETF","True","1","Critical_Metals_Batteries"
"CRDF","Cardiff Oncology, Inc. - Common Stock","False","1","Biomed"
"CSBR","Champions Oncology, Inc. - Common Stock","False","1","Biomed"
"CSIQ","Canadian Solar Inc. - Common Shares","False","1","Infrastructure_Energy"
"CTOR","Citius Oncology, Inc.  - Common Stock","False","1","Biomed"
"DERM","Journey Medical Corporation - Common Stock","False","1","Biomed"
"DFEN","Direxion Daily Aerospace & Defense Bull 3X Shares","True","1","Defense"
"DGXX","Digi Power X Inc. - Common Subordinate Voting Shares","False","1","Infrastructure_Energy"
"DLNG","Dynagas LNG Partners LP Common Units","False","1","Infrastructure_Energy"
"DLNG$A","Dynagas LNG Partners LP 9.00% Series A Cumulative Redeemable Preferred Units","False","1","Infrastructure_Energy"
"DPG","Duff & Phelps Utility and Infrastructure Fund Inc.","False","1","Infrastructure_Energy"
"DRAI","Draco Evolution AI ETF","True","1","AI_Chips_DataCenters"
"DRNZ","REX Drone ETF","True","1","Defense"
"DRTS","Alpha Tau Medical Ltd. - Ordinary Shares","False","1","Biomed"
"DRTSW","Alpha Tau Medical Ltd. - Warrant","False","1","Biomed"
"DTCR","Global X Data Center & Digital Infrastructure ETF","True","1","AI_Chips_DataCenters"
"DTST","Data Storage Corporation - Common Stock","False","1","Infrastructure_Energy"
"DTSTW","Data Storage Corporation - Warrant","False","1","Infrastructure_Energy"
"DUO","Fangdd Network Group Ltd. - Class A Ordinary Shares","False","1","AI_Chips_DataCenters"
"DVLT","Datavault AI Inc. - Common Stock","False","1","AI_Chips_DataCenters"
"DVS","Dolly Varden Silver Corporation Common Shares","False","1","Critical_Metals_Batteries"
"EAPR","Innovator Emerging Markets Power Buffer ETF April","True","1","Infrastructure_Energy"
"EDSA","Edesa Biotech, Inc. - Common Shares","False","1","Biomed"
"EJAN","Innovator Emerging Markets Power Buffer ETF January","True","1","Infrastructure_Energy"
"EJUL","Innovator Emerging Markets Power Buffer ETF July","True","1","Infrastructure_Energy"
"ELBM","Electra Battery Materials Corporation - Common Stock","False","1","Infrastructure_Energy"
"ELPW","Elong Power Holding Limited - Class A Ordinary Shares","False","1","Infrastructure_Energy"
"ELVR","Elevra Lithium Limited - American Depository Shares","False","1","Critical_Metals_Batteries"
"ENLT","Enlight Renewable Energy Ltd. - Ordinary Shares","False","1","Infrastructure_Energy"
"ENTX","Entera Bio Ltd. - Ordinary Shares","False","1","Biomed"
"EOCT","Innovator Emerging Markets Power Buffer ETF - October","True","1","Infrastructure_Energy"
"EPAI","Harbor AI Inflection Strategy ETF","True","1","AI_Chips_DataCenters"
"ERO","Ero Copper Corp. Common Shares","False","1","Critical_Metals_Batteries"
"EUAD","Select STOXX Europe Aerospace & Defense ETF","True","1","Defense"
"EVTL","Vertical Aerospace Ltd. Ordinary Shares","False","1","Defense"
"EXK","Endeavour Silver Corporation Ordinary Shares (Canada)","False","1","Critical_Metals_Batteries"
"EXR","Extra Space Storage Inc Common Stock","False","2","Defense;Infrastructure_Energy"
"FAN","First Trust Global Wind Energy ETF","True","1","Infrastructure_Energy"
"FBCG","Fidelity Blue Chip Growth ETF","True","1","AI_Chips_DataCenters"
"FBCV","Fidelity Blue Chip Value ETF","True","1","AI_Chips_DataCenters"
"FBIO","Fortress Biotech, Inc. - Common Stock","False","1","Biomed"
"FBIOP","Fortress Biotech, Inc. - 9.375% Series A Cumulative Redeemable Perpetual Preferred Stock","False","1","Biomed"
"FBT","First Trust Amex Biotech Index Fund","True","1","Biomed"
"FEED","ENvue Medical, Inc. - Common Stock","False","1","Biomed"
"FITE","State Street SPDR S&P Kensho Future Security ETF","True","1","Defense"
"FJET","Starfighters Space, Inc. Common Stock","False","1","Defense"
"FLNG","FLEX LNG Ltd. Ordinary Shares","False","1","Infrastructure_Energy"
"FLUX","Flux Power Holdings, Inc. - Common Stock","False","1","Infrastructure_Energy"
"FLY","Firefly Aerospace Inc. - Common Stock","False","1","Defense"
"FMS","Fresenius Medical Care AG American Depositary Shares (Each representing 1/2 of an Ordinary Share)","False","1","Biomed"
"FPWR","First Trust EIP Power Solutions ETF","True","1","Infrastructure_Energy"
"FSLR","First Solar, Inc. - Common Stock","False","1","Infrastructure_Energy"
"FTCI","FTC Solar, Inc. - Common Stock","False","1","Infrastructure_Energy"
"FTWO","Strive Natural Resources and Security ETF","True","1","Defense"
"FTXL","First Trust Nasdaq Semiconductor ETF","True","1","AI_Chips_DataCenters"
"GBIO","Generation Bio Co. - Common stock","False","1","Biomed"
"GBUG","Sprott Active Gold & Silver Miners ETF","True","1","Critical_Metals_Batteries"
"GCAD","Gabelli Commercial Aerospace and Defense ETF","True","1","Defense"
"GCTS","GCT Semiconductor Holding, Inc. Common Stock","False","1","AI_Chips_DataCenters"
"GCTS.W","GCT Semiconductor Holding, Inc. Warrants, each whole warrant exercisable for one share of Common Stock at an exercise price of $11.50","False","1","AI_Chips_DataCenters"
"GDFN","Tema International Defense Innovation ETF","True","1","Defense"
"GDYN","Grid Dynamics Holdings, Inc. - Class A Common Stock","False","1","Infrastructure_Energy"
"GE","GE Aerospace Common Stock","False","1","Defense"
"GEMI","Gemini Space Station, Inc. - Class A Common Stock","False","1","Defense"
"GFAI","Guardforce AI Co., Limited - Ordinary Shares","False","1","AI_Chips_DataCenters"
"GFAIW","Guardforce AI Co., Limited - Warrant","False","1","AI_Chips_DataCenters"
"GILT","Gilat Satellite Networks Ltd. - Ordinary Shares","False","1","Defense"
"GLNG","Golar LNG Limited - Common Shares","False","1","Infrastructure_Energy"
"GLU","Gabelli Global Utility Common Shares of Beneficial Ownership","False","1","Infrastructure_Energy"
"GLU$A","The Gabelli Global Utility and Income Trust Series A Cumulative Puttable and Callable Preferred Shares","False","1","Infrastructure_Energy"
"GLU$B","The Gabelli Global Utility and Income Trust Series B Cumulative Puttable and Callable Preferred Shares","False","1","Infrastructure_Energy"
"GMED","Globus Medical, Inc. Class A Common Stock","False","1","Biomed"
"GMM","Global Mofy AI Limited  - Class A Ordinary Shares","False","1","AI_Chips_DataCenters"
"GMRE","Global Medical REIT Inc. Common Stock","False","1","Biomed"
"GMRE$A","Global Medical REIT Inc. Series A Cumulative Redeemable Preferred Stock","False","1","Biomed"
"GMRE$B","Global Medical REIT Inc. 8.00% Series B Cumulative Redeemable Preferred Stock, $0.001 par value per share","False","1","Biomed"
"GNOM","Global X Genomics & Biotechnology ETF","True","1","Biomed"
"GOSS","Gossamer Bio, Inc. - Common Stock","False","1","Biomed"
"GPJA","Georgia Power Company Series 2017A 5.00% Junior Subordinated Notes due October 1, 2077","False","1","Infrastructure_Energy"
"GPTY","YieldMax AI & Tech Portfolio Option Income ETF","True","1","AI_Chips_DataCenters"
"GRI","GRI Bio, Inc. - Common Stock","False","1","Biomed"
"GRID","First Trust NASDAQ Clean Edge Smart Grid Infrastructure Index Fund","True","1","Infrastructure_Energy"
"GUT","Gabelli Utility Trust (The) Common Stock","False","1","Infrastructure_Energy"
"GUT$C","Gabelli Utility Trust (The) 5.375% Series C Cumulative Preferred Shares","False","1","Infrastructure_Energy"
"GXAI","Gaxos.ai Inc. - Common Stock","False","1","AI_Chips_DataCenters"
"HCAI","Huachen AI Parking Management Technology Holding Co., Ltd. - Class A Ordinary Shares","False","1","AI_Chips_DataCenters"
"HPAI","Helport AI Limited - Ordinary Shares","False","1","AI_Chips_DataCenters"
"HPAIW","Helport AI Limited - Warrants","False","1","AI_Chips_DataCenters"
"HSPT","Horizon Space Acquisition II Corp. - Ordinary share","False","1","Defense"
"HSPTR","Horizon Space Acquisition II Corp. - Right","False","1","Defense"
"HSPTU","Horizon Space Acquisition II Corp. - Units","False","1","Defense"
"HUBC","Hub Cyber Security Ltd. - Ordinary Shares","False","1","Defense"
"HUBCW","Hub Cyber Security Ltd. - Warrant expiring 2/27/28","False","1","Defense"
"HUBCZ","Hub Cyber Security Ltd. - Warrant","False","1","Defense"
"HWM","Howmet Aerospace Inc. Common Stock","False","1","Defense"
"IAPR","Innovator International Developed Power Buffer ETF  April","True","1","Infrastructure_Energy"
"IAUG","Innovator International Developed Power Buffer ETF  August","True","1","Infrastructure_Energy"
"IBAT","iShares Energy Storage & Materials ETF","True","1","Infrastructure_Energy"
"ICCM","IceCure Medical Ltd. - Ordinary Shares","False","1","Biomed"
"ICOP","iShares Copper and Metals Mining ETF","True","1","Critical_Metals_Batteries"
"ICU","SeaStar Medical Holding Corporation - Common Stock","False","1","Biomed"
"ICUCW","SeaStar Medical Holding Corporation - Warrant","False","1","Biomed"
"ICUI","ICU Medical, Inc. - Common Stock","False","1","Biomed"
"IDEC","Innovator International Developed Power Buffer ETF  December","True","1","Infrastructure_Energy"
"IDEF","iShares Defense Industrials Active ETF","True","1","Defense"
"IDNA","iShares Genomics Immunology and Healthcare ETF","True","1","Biomed"
"IFEB","Innovator International Developed Power Buffer ETF  February","True","1","Infrastructure_Energy"
"IGC","IGC Pharma, Inc. Common Stock","False","1","Biomed"
"IGPT","Invesco AI and Next Gen Software ETF","True","1","AI_Chips_DataCenters"
"IHI","iShares U.S. Medical Devices ETF","True","1","Biomed"
"IJAN","Innovator International Developed Power Buffer ETF January","True","1","Infrastructure_Energy"
"IJUL","Innovator International Developed Power Buffer ETF  July","True","1","Infrastructure_Energy"
"IJUN","Innovator International Developed Power Buffer ETF June","True","1","Infrastructure_Energy"
"ILIT","iShares Lithium Miners and Producers ETF","True","1","Critical_Metals_Batteries"
"IMAR","Innovator International Developed Power Buffer ETF  March","True","1","Infrastructure_Energy"
"IMAY","Innovator International Developed Power Buffer ETF - May","True","1","Infrastructure_Energy"
"INBS","Intelligent Bio Solutions Inc.  - Common Stock","False","1","Biomed"
"INDI","indie Semiconductor, Inc. - Class A Common Stock","False","1","AI_Chips_DataCenters"
"INMB","INmune Bio Inc. - Common stock","False","1","Biomed"
"INOV","Innovator International Developed Power Buffer ETF  November","True","1","Infrastructure_Energy"
"INSP","Inspire Medical Systems, Inc. Common Stock","False","1","Biomed"
"IOBT","IO Biotech, Inc. - Common Stock","False","1","Biomed"
"IOCT","Innovator International Developed Power Buffer ETF - October","True","1","Infrastructure_Energy"
"ION","ProShares S&P Global Core Battery Metals ETF","True","1","Infrastructure_Energy"
"IPDN","Professional Diversity Network, Inc. - Common Stock","False","1","AI_Chips_DataCenters"
"IPHA","Innate Pharma S.A. - American Depositary Shares","False","1","Biomed"
"IPWR","Ideal Power Inc. - Common Stock","False","1","Infrastructure_Energy"
"ISEP","Innovator International Developed Power Buffer ETF  September","True","1","Infrastructure_Energy"
"ISHP","First Trust S-Network E-Commerce ETF","True","1","AI_Chips_DataCenters"
"ITA","iShares U.S. Aerospace & Defense ETF","True","1","Defense"
"IVES","Dan IVES Wedbush AI Revolution ETF","True","1","AI_Chips_DataCenters"
"JEDI","Defiance Drone and Modern Warfare ETF","True","1","Defense"
"JTAI","Jet.AI Inc. - Common Stock","False","1","AI_Chips_DataCenters"
"KALA","KALA BIO, Inc. - Common Stock","False","1","Biomed"
"KALU","Kaiser Aluminum Corporation - Common Stock","False","1","Critical_Metals_Batteries"
"KAPA","Kairos Pharma, Ltd. Common Stock","False","1","Biomed"
"KAPR","Innovator U.S. Small Cap Power Buffer ETF - April","True","1","Infrastructure_Energy"
"KAUG","Innovator US Small Cap Power Buffer ETF - August","True","1","Infrastructure_Energy"
"KCHV","Kochav Defense Acquisition Corp. - Class A Ordinary Shares","False","1","Defense"
"KCHVR","Kochav Defense Acquisition Corp. - Right","False","1","Defense"
"KCHVU","Kochav Defense Acquisition Corp. - Units","False","1","Defense"
"KDEC","Innovator U.S. Small Cap Power Buffer ETF - December","True","1","Infrastructure_Energy"
"KDEF","PLUS Korea Defense Industry Index ETF","True","1","Defense"
"KDK","Kodiak AI, Inc. - Common Stock","False","1","AI_Chips_DataCenters"
"KDKRW","Kodiak AI, Inc. - Warrant","False","1","AI_Chips_DataCenters"
"KEP","Korea Electric Power Corporation Common Stock","False","1","Infrastructure_Energy"
"KFEB","Innovator U.S. Small Cap Power Buffer ETF - February","True","1","Infrastructure_Energy"
"KJAN","Innovator U.S. Small Cap Power Buffer ETF - January","True","1","Infrastructure_Energy"
"KJUL","Innovator U.S. Small Cap Power Buffer ETF - July","True","1","Infrastructure_Energy"
"KJUN","Innovator U.S. Small Cap Power Buffer ETF - June","True","1","Infrastructure_Energy"
"KMAR","Innovator U.S. Small Cap Power Buffer ETF - March","True","1","Infrastructure_Energy"
"KMAY","Innovator U.S. Small Cap Power Buffer ETF - May","True","1","Infrastructure_Energy"
"KMTS","Kestra Medical Technologies, Ltd. - Common Stock","False","1","Biomed"
"KNOV","Innovator U.S. Small Cap Power Buffer ETF - November","True","1","Infrastructure_Energy"
"KOCT","Innovator U.S. Small Cap Power Buffer ETF - October","True","1","Infrastructure_Energy"
"KRMD","KORU Medical Systems, Inc. - Common Stock","False","1","Biomed"
"KRRO","Korro Bio, Inc. - Common Stock","False","1","Biomed"
"KRYS","Krystal Biotech, Inc. - Common Stock","False","1","Biomed"
"KSEP","Innovator U.S. Small Cap Power Buffer ETF - September","True","1","Infrastructure_Energy"
"KSLV","Kurv Silver Enhanced Income ETF","True","1","Critical_Metals_Batteries"
"KTOS","Kratos Defense & Security Solutions, Inc. - Common Stock","False","1","Defense"
"KURA","Kura Oncology, Inc. - Common Stock","False","1","Biomed"
"KYNB","Kyntra Bio, Inc. - Common Stock","False","1","Biomed"
"LABD","Direxion Daily S&P Biotech Bear 3X Shares","True","1","Biomed"
"LABU","Direxion Daily S&P Biotech Bull 3X Shares","True","1","Biomed"
"LAC","Lithium Americas Corp. Common Shares","False","1","Critical_Metals_Batteries"
"LAR","Lithium Argentina AG Common Shares","False","1","Critical_Metals_Batteries"
"LEGN","Legend Biotech Corporation - American Depositary Shares","False","1","Biomed"
"LIMI","Themes Lithium & Battery Metal Miners ETF","True","2","Critical_Metals_Batteries;Infrastructure_Energy"
"LIMN","Liminatus Pharma, Inc. - Class A Common Stock","False","1","Biomed"
"LIMNW","Liminatus Pharma, Inc. - Warrants","False","1","Biomed"
"LIT","Global X Lithium & Battery Tech ETF","True","2","Critical_Metals_Batteries;Infrastructure_Energy"
"LITP","Sprott Lithium Miners ETF","True","1","Critical_Metals_Batteries"
"LQAI","LG QRAFT AI-Powered U.S. Large Cap Core ETF","True","1","AI_Chips_DataCenters"
"LRNZ","TrueShares Technology, AI & Deep Learning ETF","True","1","AI_Chips_DataCenters"
"LSCC","Lattice Semiconductor Corporation - Common Stock","False","1","AI_Chips_DataCenters"
"LTRN","Lantern Pharma Inc. - Common Stock","False","1","Biomed"
"MASK","3 E Network Technology Group Ltd - Class A Ordinary Shares","False","1","AI_Chips_DataCenters"
"MAXN","Maxeon Solar Technologies, Ltd. - Ordinary Shares","False","1","Infrastructure_Energy"
"MBIO","Mustang Bio, Inc. - Common Stock","False","1","Biomed"
"MBOT","Microbot Medical Inc.  - Common Stock","False","1","Biomed"
"MBRX","Moleculin Biotech, Inc. - Common Stock","False","1","Biomed"
"MCRP","Micropolis AI Robotics Ordinary Shares","False","1","AI_Chips_DataCenters"
"MCTA","Charming Medical Limited - Class A Ordinary Shares","False","1","Biomed"
"MD","Pediatrix Medical Group, Inc. Common Stock","False","1","Biomed"
"MDAI","Spectral AI, Inc. - Class A Common Stock","False","1","AI_Chips_DataCenters"
"MDAIW","Spectral AI, Inc. - Warrants","False","1","AI_Chips_DataCenters"
"MDCX","Medicus Pharma Ltd. - Common Stock","False","1","Biomed"
"MDCXW","Medicus Pharma Ltd. - Warrant","False","1","Biomed"
"MDEV","First Trust Indxx Medical Devices ETF","True","1","Biomed"
"MEDX","Horizon Kinetics Medical ETF","True","1","Biomed"
"MENS","Jyong Biotech Ltd. - Ordinary shares","False","1","Biomed"
"MINN","Mairs & Power Minnesota Municipal Bond ETF","True","1","Infrastructure_Energy"
"MISL","First Trust Indxx Aerospace & Defense ETF","True","1","Defense"
"MMSI","Merit Medical Systems, Inc. - Common Stock","False","1","Biomed"
"MNDR","Mobile-health Network Solutions - Class A Ordinary Shares","False","1","AI_Chips_DataCenters"
"MODD","Modular Medical, Inc. - common stock","False","1","Biomed"
"MPW","Medical Properties Trust, Inc. common stock","False","1","Biomed"
"MPWR","Monolithic Power Systems, Inc. - Common Stock","False","1","Infrastructure_Energy"
"MSAI","MultiSensor AI Holdings, Inc. - Common Stock","False","1","AI_Chips_DataCenters"
"MSAIW","MultiSensor AI Holdings, Inc. - Warrants","False","1","AI_Chips_DataCenters"
"MX","Magnachip Semiconductor Corporation Common Stock","False","1","AI_Chips_DataCenters"
"MYND","Mynd.ai, Inc. American Depositary Shares","False","1","AI_Chips_DataCenters"
"NAMS","NewAmsterdam Pharma Company N.V. - Ordinary Shares","False","1","Biomed"
"NAMSW","NewAmsterdam Pharma Company N.V. - Warrant","False","1","Biomed"
"NAPR","Innovator Growth-100 Power Buffer ETF - April","True","1","Infrastructure_Energy"
"NATO","Themes Transatlantic Defense ETF","True","1","Defense"
"NAUG","Innovator Growth-100 Power Buffer ETF - August","True","1","Infrastructure_Energy"
"NDEC","Innovator Growth-100 Power Buffer ETF - December","True","1","Infrastructure_Energy"
"NEWZ","StockSnips AI-Powered Sentiment US All Cap ETF","True","1","AI_Chips_DataCenters"
"NFEB","Innovator Growth-100 Power Buffer ETF - February","True","1","Infrastructure_Energy"
"NGEN","NervGen Pharma Corp. - Common stock","False","1","Biomed"
"NGG","National Grid Transco, PLC National Grid PLC (NEW) American Depositary Shares","False","1","Infrastructure_Energy"
"NIKL","Sprott Nickel Miners ETF","True","1","Critical_Metals_Batteries"
"NJAN","Innovator Growth-100 Power Buffer ETF - January","True","1","Infrastructure_Energy"
"NJUL","Innovator Growth-100 Power Buffer ETF - July","True","1","Infrastructure_Energy"
"NJUN","Innovator Growth-100 Power Buffer ETF - June","True","1","Infrastructure_Energy"
"NLR","VanEck Uranium and Nuclear ETF","True","2","Critical_Metals_Batteries;Infrastructure_Energy"
"NMAR","Innovator Growth-100 Power Buffer ETF - March","True","1","Infrastructure_Energy"
"NMAY","Innovator Growth-100 Power Buffer ETF - May","True","1","Infrastructure_Energy"
"NMG","Nouveau Monde Graphite Inc. Common Shares","False","1","Critical_Metals_Batteries"
"NMTC","NeuroOne Medical Technologies Corporation - Common Stock","False","1","Biomed"
"NNE","Nano Nuclear Energy Inc. - common stock","False","1","Infrastructure_Energy"
"NNOV","Innovator Growth-100 Power Buffer ETF - November","True","1","Infrastructure_Energy"
"NOCT","Innovator Growth-100 Power Buffer ETF- October","True","1","Infrastructure_Energy"
"NPWR","NET Power Inc. Class A Common Stock","False","1","Infrastructure_Energy"
"NPWR.W","NET Power Inc. Redeemable warrants, each whole warrant exercisable for one share of Class A Common Stock at an exercise price of $11.50","False","1","Infrastructure_Energy"
"NSA","National Storage Affiliates Trust Common Shares of Beneficial Interest","False","1","Infrastructure_Energy"
"NSA$A","National Storage Affiliates Trust 6.000% Series A Cumulative Redeemable Preferred Shares of Beneficial Interest (Liquidation Preference $25.00 per share)","False","1","Infrastructure_Energy"
"NSA$B","National Storage Affiliates Trust 6.000% Series B Cumulative Redeemable Preferred Shares of Beneficial Interest","False","1","Infrastructure_Energy"
"NSEP","Innovator Growth-100 Power Buffer ETF - September","True","1","Infrastructure_Energy"
"NSI","National Security Emerging Markets Index ETF","True","1","Defense"
"NSRX","Nasus Pharma Ltd. Ordinary Shares","False","1","Biomed"
"NSSC","NAPCO Security Technologies, Inc. - Common Stock","False","1","Defense"
"NTIP","Network-1 Technologies, Inc. Common Stock","False","1","AI_Chips_DataCenters"
"NUKZ","Range Nuclear Renaissance Index ETF","True","1","Infrastructure_Energy"
"NUVB","Nuvation Bio Inc. Class A Common Stock","False","1","Biomed"
"NUVB.W","Nuvation Bio Inc. Warrants","False","1","Biomed"
"NVCT","Nuvectis Pharma, Inc. - Common Stock","False","1","Biomed"
"NVNO","enVVeno Medical Corporation - Common Stock","False","1","Biomed"
"NVTS","Navitas Semiconductor Corporation - Common Stock","False","1","AI_Chips_DataCenters"
"OCC","Optical Cable Corporation - Common Stock","False","1","AI_Chips_DataCenters"
"ODYS","Odysight.ai Inc. - Common Stock","False","1","AI_Chips_DataCenters"
"OFIX","Orthofix Medical Inc.  - Common Stock","False","1","Biomed"
"OKYO","OKYO Pharma Limited - Ordinary Shares","False","1","Biomed"
"OM","Outset Medical, Inc. - Common Stock","False","1","Biomed"
"ON","ON Semiconductor Corporation - Common Stock","False","1","AI_Chips_DataCenters"
"ONCY","Oncolytics Biotech Inc. - Common Shares","False","1","Biomed"
"OPTT","Ocean Power Technologies, Inc. Common Stock","False","1","Infrastructure_Energy"
"PAA","Plains All American Pipeline, L.P. - Common Units representing Limited Partner Interests","False","1","Infrastructure_Energy"
"PAAS","Pan American Silver Corp. Common Stock","False","1","Critical_Metals_Batteries"
"PALI","Palisade Bio, Inc. - Common Stock","False","1","Biomed"
"PAPR","Innovator U.S. Equity Power Buffer ETF - April","True","1","Infrastructure_Energy"
"PASG","Passage Bio, Inc. - Common Stock","False","1","Biomed"
"PAUG","Innovator U.S. Equity Power Buffer ETF - August","True","1","Infrastructure_Energy"
"PBA","Pembina Pipeline Corp. Ordinary Shares (Canada)","False","1","Infrastructure_Energy"
"PBOT","Pictet AI & Automation ETF","True","1","AI_Chips_DataCenters"
"PBPH","Portfolio Building Block World Pharma and Biotech Index ETF","True","1","Biomed"
"PDEC","Innovator U.S. Equity Power Buffer ETF - December","True","1","Infrastructure_Energy"
"PDYN","Palladyne AI Corp. - Common stock","False","1","AI_Chips_DataCenters"
"PDYNW","Palladyne AI Corp. - Warrant","False","1","AI_Chips_DataCenters"
"PERI","Perion Network Ltd - Ordinary Shares","False","1","AI_Chips_DataCenters"
"PFEB","Innovator U.S. Equity Power Buffer ETF - February","True","1","Infrastructure_Energy"
"PILL","Direxion Daily Pharmaceutical & Medical Bull 3X Shares","True","1","Biomed"
"PJAN","Innovator U.S. Equity Power Buffer ETF - January","True","1","Infrastructure_Energy"
"PJUL","Innovator U.S. Equity Power Buffer ETF - July","True","1","Infrastructure_Energy"
"PJUN","Innovator U.S. Equity Power Buffer ETF - June","True","1","Infrastructure_Energy"
"PKE","Park Aerospace Corp. Common Stock","False","1","Defense"
"PLUG","Plug Power, Inc. - Common Stock","False","1","Infrastructure_Energy"
"PMAR","Innovator U.S. Equity Power Buffer ETF - March","True","1","Infrastructure_Energy"
"PMAY","Innovator U.S. Equity Power Buffer ETF - May","True","1","Infrastructure_Energy"
"PMCB","PharmaCyte  Biotech, Inc. - Common Stock","False","1","Biomed"
"PMI","Picard Medical, Inc. Common Stock","False","1","Biomed"
"PN","Skycorp Solar Group Limited - Ordinary Shares","False","1","Infrastructure_Energy"
"PNOV","Innovator U.S. Equity Power Buffer ETF - November","True","1","Infrastructure_Energy"
"POCT","Innovator U.S. Equity Power Buffer ETF - October","True","1","Infrastructure_Energy"
"POLA","Polar Power, Inc. - Common Stock","False","1","Infrastructure_Energy"
"PONY","Pony AI Inc. - American Depositary Shares","False","1","AI_Chips_DataCenters"
"POWA","Invesco Bloomberg Pricing Power ETF","True","1","Infrastructure_Energy"
"POWI","Power Integrations, Inc. - Common Stock","False","1","Infrastructure_Energy"
"POWR","iShares U.S. Power Infrastructure ETF","True","1","Infrastructure_Energy"
"PPA","Invesco Aerospace & Defense ETF","True","1","Defense"
"PPBT","Purple Biotech Ltd. - American Depositary Shares","False","1","Biomed"
"PPSI","Pioneer Power Solutions, Inc. - Common Stock","False","1","Infrastructure_Energy"
"PQNT","Pictet AI Enhanced International Equity ETF","True","1","AI_Chips_DataCenters"
"PROF","Profound Medical Corp. - common stock","False","1","Biomed"
"PSA","Public Storage Common Stock","False","1","Infrastructure_Energy"
"PSA$F","Public Storage Depositary Shares Each Representing 1/1,000 of a 5.15% Cumulative Preferred Share of Beneficial Interest, Series F, par value $0.01 per share","False","1","Infrastructure_Energy"
"PSA$G","Public Storage Depositary Shares, Each Representing 1/1,000 of a 5.05% Cumulative Preferred Share of Beneficial Interest, Series G","False","1","Infrastructure_Energy"
"PSA$H","Public Storage Depositary Shares Each Representing 1/1,000 of a  5.60% Cumulative Preferred  Share of Beneficial Interest, Series H","False","1","Infrastructure_Energy"
"PSA$I","Public Storage Depositary Shares Each Representing 1/1,000 of a 4.875% Cumulative Preferred Share of Beneficial Interest, Series I, par value $0.01 per share","False","1","Infrastructure_Energy"
"PSA$J","Public Storage Depositary Shares Each Representing 1/1,000 of a 4.700% Cumulative Preferred Share of Beneficial Interest, Series J, par value $0.01 per share","False","1","Infrastructure_Energy"
"PSA$K","Public Storage Depositary Shares Each Representing 1/1,000 of a 4.75% Cumulative Preferred Share of Beneficial Interest, Series K","False","1","Infrastructure_Energy"
"PSA$L","Public Storage Depositary Shares Each Representing 1/1,000 of a 4.625% Cumulative Preferred Share of Beneficial Interest, Series L, par value $0.01 per share","False","1","Infrastructure_Energy"
"PSA$M","Public Storage Depositary Shares Each Representing 1/1,000 of a 4.125% Cumulative Preferred Share of Beneficial Interest, Series M","False","1","Infrastructure_Energy"
"PSA$N","Public Storage Depositary Shares Each Representing 1/1,000 of a 3.875% Cumulative Preferred Share of Beneficial Interest, Series N","False","1","Infrastructure_Energy"
"PSA$O","Public Storage Depositary Shares Each Representing 1/1,000 of a 3.900% Cumulative Preferred Share of Beneficial Interest, Series O","False","1","Infrastructure_Energy"
"PSA$P","Public Storage Depositary Shares Each Representing 1/1,000 of a 4.000% Cumulative Preferred Share of Bene cial Interest, Series P","False","1","Infrastructure_Energy"
"PSA$Q","Public Storage Depositary Shares Each Representing 1/1,000 of a 3.950% Cumulative Preferred Share of Beneficial Interest, Series Q, par value $0.01 per share","False","1","Infrastructure_Energy"
"PSA$R","Public Storage Depositary Shares Each Representing 1/1,000 of a 4.00% Cumulative Preferred Share of Bene cial Interest, Series R","False","1","Infrastructure_Energy"
"PSA$S","Public Storage Depositary Shares Each Representing 1/1,000 of a 4.100% Cumulative Preferred Share of Beneficial Interest, Series S","False","1","Infrastructure_Energy"
"PSEP","Innovator U.S. Equity Power Buffer ETF - September","True","1","Infrastructure_Energy"
"PSIX","Power Solutions International, Inc. - Common Stock","False","1","Infrastructure_Energy"
"PSLV","Sprott Physical Silver Trust ETV","True","1","Critical_Metals_Batteries"
"PSTG","Pure Storage, Inc. Class A Common Stock","False","1","Infrastructure_Energy"
"PSTP","Innovator Power Buffer Step-Up Strategy ETF","True","1","Infrastructure_Energy"
"PW","Power REIT (MD) Common Stock","False","1","Infrastructure_Energy"
"PW$A","Power REIT 7.75% Series A Cumulative Perpetual Preferred Stock","False","1","Infrastructure_Energy"
"PYXS","Pyxis Oncology, Inc. - Common Stock","False","1","Biomed"
"QIPT","Quipt Home Medical Corp. - Common Shares","False","1","Biomed"
"QRFT","QRAFT AI-Enhanced U.S. Large Cap ETF","True","1","AI_Chips_DataCenters"
"QTTB","Q32 Bio Inc. - Common Stock","False","1","Biomed"
"RAYA","Erayak Power Solution Group Inc. - Class A Ordinary Shares","False","1","Infrastructure_Energy"
"RBIL","F/m Ultrashort Treasury Inflation-Protected Security (TIPS) ETF","True","1","Defense"
"RCEL","Avita Medical, Inc. - Common Stock","False","1","Biomed"
"RCKT","Rocket Pharmaceuticals, Inc. - Common Stock","False","1","Defense"
"RCKTW","Rocket Pharmaceuticals, Inc. - Warrant","False","1","Defense"
"RCTR","First Trust Bloomberg Nuclear Power ETF","True","1","Infrastructure_Energy"
"REMX","VanEck Rare Earth and Strategic Metals ETF","True","1","Critical_Metals_Batteries"
"RKLB","Rocket Lab Corporation - Common Stock","False","1","Defense"
"RKT","Rocket Companies, Inc. Class A Common Stock","False","1","Defense"
"RMTI","Rockwell Medical, Inc. - Common Stock","False","1","Biomed"
"RNRG","Global X Renewable Energy Producers ETF","True","1","Infrastructure_Energy"
"RNWZ","TrueShares Eagle Global Renewable Energy Income ETF","True","1","Infrastructure_Energy"
"RPGL","Republic Power Group Limited - Class A Ordinary Shares","False","1","Infrastructure_Energy"
"RPRX","Royalty Pharma plc - Class A Ordinary Shares","False","1","Biomed"
"RZLV","Rezolve AI PLC - Ordinary Shares","False","1","AI_Chips_DataCenters"
"RZLVW","Rezolve AI PLC - Warrants","False","1","AI_Chips_DataCenters"
"SBC","SBC Medical Group Holdings Incorporated - Common Stock","False","1","Biomed"
"SBCWW","SBC Medical Group Holdings Incorporated - Warrants","False","1","Biomed"
"SBIO","ALPS Medical Breakthroughs ETF","True","1","Biomed"
"SCCO","Southern Copper Corporation Common Stock","False","1","Critical_Metals_Batteries"
"SDST","Stardust Power Inc. - Common Stock","False","1","Infrastructure_Energy"
"SDSTW","Stardust Power Inc. - Warrant","False","1","Infrastructure_Energy"
"SELF","Global Self Storage, Inc. - Common Stock","False","1","Infrastructure_Energy"
"SEM","Select Medical Holdings Corporation Common Stock","False","1","Biomed"
"SEMY","GraniteShares YieldBOOST Semiconductor ETF","True","1","AI_Chips_DataCenters"
"SES","SES AI Corporation Class A Common Stock","False","1","AI_Chips_DataCenters"
"SES.W","SES AI Corporation Warrants, each whole warrant exercisable for one share of Class A Common Stock at an exercise price of $11.50 per share","False","1","AI_Chips_DataCenters"
"SGML","Sigma Lithium Corporation - common shares","False","1","Critical_Metals_Batteries"
"SHLD","Global X Defense Tech ETF","True","1","Defense"
"SHOC","Strive U.S. Semiconductor ETF","True","1","AI_Chips_DataCenters"
"SIDU","Sidus Space, Inc. - Class A Common Stock","False","1","Defense"
"SIL","Global X Silver Miners ETF","True","1","Critical_Metals_Batteries"
"SILJ","Amplify Junior Silver Miners ETF","True","1","Critical_Metals_Batteries"
"SILO","Silo Pharma, Inc. - Common Stock","False","1","Biomed"
"SIVR","abrdn Physical Silver Shares ETF","True","1","Critical_Metals_Batteries"
"SLDP","Solid Power, Inc. - Class A Common Stock","False","1","Infrastructure_Energy"
"SLDPW","Solid Power, Inc. - Warrant","False","1","Infrastructure_Energy"
"SLI","Standard Lithium Ltd. Common Shares","False","1","Critical_Metals_Batteries"
"SLV","iShares Silver Trust","True","1","Critical_Metals_Batteries"
"SLVO","ETRACS Silver Shares Covered Call ETNs due April 21, 2033","True","1","Critical_Metals_Batteries"
"SLVP","iShares MSCI Global Silver Miners Fund","True","1","Critical_Metals_Batteries"
"SLVR","Sprott Silver Miners & Physical Silver ETF","True","1","Critical_Metals_Batteries"
"SMA","SmartStop Self Storage REIT, Inc. Common Stock","False","1","Infrastructure_Energy"
"SMH","VanEck Semiconductor ETF","True","1","AI_Chips_DataCenters"
"SMHX","VanEck Fabless Semiconductor ETF","True","1","AI_Chips_DataCenters"
"SMR","NuScale Power Corporation Class A Common Stock","False","1","Infrastructure_Energy"
"SMX","SMX (Security Matters) Public Limited Company - Ordinary Shares","False","1","Defense"
"SMXWW","SMX (Security Matters) Public Limited Company - Warrant","False","1","Defense"
"SNFCA","Security National Financial Corporation - Class A Common Stock","False","1","Defense"
"SOUN","SoundHound AI, Inc. - Class A Common Stock","False","1","AI_Chips_DataCenters"
"SOUNW","SoundHound AI, Inc. - Warrant","False","1","AI_Chips_DataCenters"
"SOXL","Direxion Daily Semiconductor Bull 3X Shares","True","1","AI_Chips_DataCenters"
"SOXQ","Invesco PHLX Semiconductor ETF","True","1","AI_Chips_DataCenters"
"SOXS","Direxion Daily Semiconductor Bear 3X Shares","True","1","AI_Chips_DataCenters"
"SOXX","iShares PHLX SOX Semiconductor Sector Index Fund","True","1","AI_Chips_DataCenters"
"SOXY","YieldMax Target 12 Semiconductor Option Income ETF","True","1","AI_Chips_DataCenters"
"SPEG","Silver Pegasus Acquisition Corp - Class A Ordinary Shares","False","1","Critical_Metals_Batteries"
"SPEGR","Silver Pegasus Acquisition Corp - Rights","False","1","Critical_Metals_Batteries"
"SPEGU","Silver Pegasus Acquisition Corp - Unit","False","1","Critical_Metals_Batteries"
"SPRU","Spruce Power Holding Corporation Class A Common Stock","False","1","Infrastructure_Energy"
"SRTA","Strata Critical Medical, Inc. - Class A Common Stock","False","1","Biomed"
"SRTAW","Strata Critical Medical, Inc. - Warrants","False","1","Biomed"
"STAI","ScanTech AI Systems Inc. - Common stock","False","1","AI_Chips_DataCenters"
"STRT","STRATTEC SECURITY CORPORATION - Common Stock","False","1","Defense"
"SUPX","SuperX AI Technology Limited - Ordinary Shares","False","1","AI_Chips_DataCenters"
"SVA","Sinovac Biotech, Ltd. - Ordinary Shares (Antigua/Barbudo)","False","1","Biomed"
"TAN","Invesco Solar ETF","True","1","Infrastructure_Energy"
"TBXU","Direxion Daily Biotech Top 5 Bull 2X ETF","True","1","Biomed"
"TCAI","Tortoise AI Infrastructure ETF","True","1","AI_Chips_DataCenters"
"TCHP","T. Rowe Price Blue Chip Growth ETF","True","1","AI_Chips_DataCenters"
"TECH","Bio-Techne Corp - Common Stock","False","1","Biomed"
"TELA","TELA Bio, Inc. - Common stock","False","1","Biomed"
"TEM","Tempus AI, Inc. - Class A Common Stock","False","1","AI_Chips_DataCenters"
"TIL","Instil Bio, Inc. - Common Stock","False","1","Biomed"
"TMCI","Treace Medical Concepts, Inc. - Common Stock","False","1","Biomed"
"TNON","Tenon Medical, Inc. - Common Stock","False","1","Biomed"
"TNONW","Tenon Medical, Inc. - Warrant","False","1","Biomed"
"TNUK","Tortoise Nuclear Renaissance ETF","True","1","Infrastructure_Energy"
"TOI","The Oncology Institute, Inc. - Common Stock","False","1","Biomed"
"TOIIW","The Oncology Institute, Inc. - Warrant","False","1","Biomed"
"TPYP","Tortoise North American Pipeline Fund","True","1","Infrastructure_Energy"
"TRAW","Traws Pharma, Inc. - Common Stock","False","1","Biomed"
"TRIB","Trinity Biotech plc - American Depositary Shares","False","1","Biomed"
"TSEM","Tower Semiconductor Ltd. - Ordinary Shares","False","1","AI_Chips_DataCenters"
"TSES","Truth Social American Energy Security ETF","True","1","Defense"
"TSM","Taiwan Semiconductor Manufacturing Company Ltd.","False","1","AI_Chips_DataCenters"
"TSSD","Truth Social American Security & Defense ETF","True","1","Defense"
"TVGN","Tevogen Bio Holdings Inc. - Common Stock","False","1","Biomed"
"TVGNW","Tevogen Bio Holdings Inc. - Warrant","False","1","Biomed"
"TXG","10x Genomics, Inc. - Common Stock","False","1","Biomed"
"UAMY","United States Antimony Corporation Common Stock","False","1","Critical_Metals_Batteries"
"UBFO","United Security Bancshares - Common Stock","False","1","Defense"
"UCAR","U Power Limited - Class A Ordinary Shares","False","1","Infrastructure_Energy"
"UEC","Uranium Energy Corp. Common Stock","False","2","Critical_Metals_Batteries;Infrastructure_Energy"
"UFO","Procure Space ETF","True","1","Defense"
"UPB","Upstream Bio, Inc. - Common Stock","False","1","Biomed"
"URA","Global X Uranium ETF","True","2","Critical_Metals_Batteries;Infrastructure_Energy"
"URAA","Direxion Daily Uranium Industry Bull 2X Shares","True","2","Critical_Metals_Batteries;Infrastructure_Energy"
"URAN","Themes Uranium & Nuclear ETF","True","2","Critical_Metals_Batteries;Infrastructure_Energy"
"URGN","UroGen Pharma Ltd. - Ordinary Shares","False","1","Biomed"
"URNJ","Sprott Junior Uranium Miners ETF","True","2","Critical_Metals_Batteries;Infrastructure_Energy"
"URNM","Sprott Uranium Miners ETF","True","2","Critical_Metals_Batteries;Infrastructure_Energy"
"UROY","Uranium Royalty Corp. - Common Stock","False","2","Critical_Metals_Batteries;Infrastructure_Energy"
"USAR","USA Rare Earth, Inc. - Common Stock","False","1","Critical_Metals_Batteries"
"USAS","Americas Gold and Silver Corporation Common Shares, no par value","False","1","Critical_Metals_Batteries"
"USPH","U.S. Physical Therapy, Inc. Common Stock","False","1","Biomed"
"UTG","Reaves Utility Income Fund Common Shares of Beneficial Interest","False","1","Infrastructure_Energy"
"UTMD","Utah Medical Products, Inc. - Common Stock","False","1","Biomed"
"UX","Roundhill Uranium ETF","True","2","Critical_Metals_Batteries;Infrastructure_Energy"
"UXAP","FT Vest U.S. Equity Uncapped Accelerator ETF - April","True","1","AI_Chips_DataCenters"
"UXJA","FT Vest U.S. Equity Uncapped Accelerator ETF - January","True","1","AI_Chips_DataCenters"
"UXJL","FT Vest U.S. Equity Uncapped Accelerator ETF - July","True","1","AI_Chips_DataCenters"
"UXOC","FT Vest U.S. Equity Uncapped Accelerator ETF - October","True","1","AI_Chips_DataCenters"
"VANI","Vivani Medical, Inc.  - Common Stock","False","1","Biomed"
"VLN","Valens Semiconductor Ltd. Ordinary Shares","False","1","AI_Chips_DataCenters"
"VLN.W","Valens Semiconductor Ltd. Warrants, each warrant to purchase one-half of one Ordinary Share","False","1","AI_Chips_DataCenters"
"VSA","VisionSys AI Inc. - American Depositary Shares","False","1","AI_Chips_DataCenters"
"VSDA","VictoryShares Dividend Accelerator ETF","True","1","AI_Chips_DataCenters"
"VZLA","Vizsla Silver Corp. Common Shares","False","1","Critical_Metals_Batteries"
"WAR","U.S. Global Technology and Aerospace & Defense ETF","True","1","Defense"
"WAVE","Eco Wave Power Global AB (publ) - American Depositary Shares","False","1","Infrastructure_Energy"
"WBIY","WBI Power Factor High Dividend ETF","True","1","Infrastructure_Energy"
"WDAF","WisdomTree Asia Defense Fund","True","1","Defense"
"WDEF","WisdomTree Europe Defense Fund","True","1","Defense"
"WDGF","WisdomTree Global Defense Fund","True","1","Defense"
"WOK","WORK Medical Technology Group LTD - Class A Ordinary Shares","False","1","Biomed"
"WRN","Western Copper and Gold Corporation Common Stock","False","1","Critical_Metals_Batteries"
"XAR","State Street SPDR S&P Aerospace & Defense ETF","True","1","Defense"
"XBI","State Street SPDR S&P Biotech ETF","True","1","Biomed"
"XSD","State Street SPDR S&P Semiconductor ETF","True","1","AI_Chips_DataCenters"
"XTIA","XTI Aerospace, Inc. Common Stock  - Common Stock","False","1","Defense"
"XTNT","Xtant Medical Holdings, Inc. Common Stock","False","1","Biomed"
"YDES","YD Bio Limited - Ordinary Shares","False","1","Biomed"
"YDESW","YD Bio Limited - Warrants","False","1","Biomed"
"ZJYL","JIN MEDICAL INTERNATIONAL LTD. - Ordinary Shares","False","1","Biomed"
"ZNB","Zeta Network Group - Class A Ordinary Shares","False","1","AI_Chips_DataCenters"
"ZSB","USCF Sustainable Battery Metals Strategy Fund","True","1","Infrastructure_Energy"
"ZSL","ProShares UltraShort Silver","True","1","Critical_Metals_Batteries"
"ZURA","Zura Bio Limited - Class A Ordinary shares","False","1","Biomed"
