"symbol","Security Name","is_etf","exchange","Test Issue"
"AAAA","Amplius Aggressive Asset Allocation ETF","True","Z","N"
"AAM.U","AA Mission Acquisition Corp. Units, each consisting of one Class A Ordinary Share and one-half of one redeemable warrant","False","N","N"
"AAM.W","AA Mission Acquisition Corp. Warrants, each whole warrant entitles the holder to purchase one Class A ordinary share at a price of $11.50 per share","False","N","N"
"AAUM","Tema Alternative Asset Managers ETF","True","Z","N"
"ABR$D","Arbor Realty Trust 6.375% Series D Cumulative Redeemable Preferred Stock, Liquidation Preference $25.00 per Share","False","N","N"
"ABR$E","Arbor Realty Trust 6.25% Series E Cumulative Redeemable Preferred Stock","False","N","N"
"ABR$F","Arbor Realty Trust 6.25% Series F Fixed-to-Floating Rate Cumulative Redeemable Preferred Stock, Liquidation Preference $25.00 per share","False","N","N"
"ACHR.W","Archer Aviation Inc. Redeemable Warrants, each whole warrant exercisable for one Class A common stock at an exercise price of $11.50","False","N","N"
"ACP$A","abrdn Income Credit Strategies Fund 5.250% Series A Perpetual Preferred Stock","False","N","N"
"ACR$C","ACRES Commercial Realty Corp. 8.625% Fixed-to-Floating Series C Cumulative Redeemable Preferred Stock ","False","N","N"
"ACR$D","ACRES Commercial Realty Corp. 7.875% Series D Cumulative Redeemable Preferred Stock","False","N","N"
"ACSG","American Century Small Cap Growth Insights ETF","True","Z","N"
"ACSV","American Century Small Cap Value Insights ETF","True","Z","N"
"ADC$A","Agree Realty Corporation Depositary Shares, each representing 1/1,000th of a 4.250% Series A Cumulative Redeemable Preferred Stock","False","N","N"
"AEMS","Anfield Enhanced Market ETF","True","Z","N"
"AFIX","Allspring Broad Market Core Bond ETF","True","P","N"
"AFRU","T-REX 2X Long AFRM Daily Target ETF","True","Z","N"
"AGM$D","Federal Agricultural Mortgage Corporation 5.700% Non-Cumulative Preferred Stock, Series D","False","N","N"
"AGM$E","Federal Agricultural Mortgage Corporation 5.750% Non-Cumulative Preferred Stock, Series E","False","N","N"
"AGM$F","Federal Agricultural Mortgage Corporation 5.250% Non-Cumulative Preferred Stock, Series F","False","N","N"
"AGM$G","Federal Agricultural Mortgage Corporation 4.875% Non-Cumulative Preferred Stock, Series G","False","N","N"
"AGM$H","Federal Agricultural Mortgage Corporation 6.500% Non-Cumulative Preferred Stock, Series H","False","N","N"
"AGM.A","Federal Agricultural Mortgage Corporation Common Stock","False","N","N"
"AGRW","Allspring LT Large Growth ETF","True","P","N"
"AHH$A","Armada Hoffler Properties, Inc. 6.75% Series A Cumulative Redeemable Perpetual Preferred Stock","False","N","N"
"AHL$D","Aspen Insurance Holdings Limited 5.625% Perpetual Non-Cumulative Preference Shares","False","N","N"
"AHL$E","Aspen Insurance Holdings Limited Depositary Shares, each representing a 1/1000th interest in a share of 5.625% Perpetual Non-Cumulative Preference Shares","False","N","N"
"AHL$F","Aspen Insurance Holdings Limited Depositary Shares, each representing a 1/1,000th Interest in a 7.00% Perpetual Non-Cumulative Preference Share","False","N","N"
"AHT$D","Ashford Hospitality Trust Inc 8.45% Series D Cumulative Preferred Stock","False","N","N"
"AHT$F","Ashford Hospitality Trust Inc 7.375% Series F Cumulative Preferred Stock","False","N","N"
"AHT$G","Ashford Hospitality Trust Inc 7.375% Series G Cumulative Preferred Stock","False","N","N"
"AHT$H","Ashford Hospitality Trust Inc 7.50% Series H Cumulative Preferred Stock","False","N","N"
"AHT$I","Ashford Hospitality Trust Inc 7.50% Series I Cumulative Preferred Stock","False","N","N"
"AIIA","AI Infrastructure Acquisition Corp. Class A Ordinary Shares","False","N","N"
"AIIA.R","AI Infrastructure Acquisition Corp. Rights, each entitling the holder to receive one-fifth (1/5) of one Class A Ordinary Share","False","N","N"
"AIIA.U","AI Infrastructure Acquisition Corp. Units, each consisting of one Class A Ordinary Share and one Right","False","N","N"
"AIMDW","Ainos, Inc. - warrants","False","NASDAQ","N"
"AINP","Allspring Income Plus ETF","True","P","N"
"AIOO","AllianzIM U.S. Equity Buffer100 Protection ETF","True","Z","N"
"AKAF","The Frontier Economic Fund","True","N","N"
"AKO.A","Embotelladora Andina S.A. Common Stock","False","N","N"
"AKO.B","Embotelladora Andina S.A. Common Stock","False","N","N"
"ALB$A","Albemarle Corporation Depositary Shares each representing a 1/20th of 7.25% Series A Mandatory Convertible Preferred Stock","False","N","N"
"ALL$B","Allstate Corporation (The) 5.100% Fixed-to-Floating Rate Subordinated Debentures due 2053","False","N","N"
"ALL$H","Allstate Corporation (The) Depositary Shares each representing a 1/1,000th interest in a share of Fixed Rate Noncumulative Perpetual Preferred Stock, Series H","False","N","N"
"ALL$I","Allstate Corporation (The) Depositary Shares each representing a 1/1,000th interest in a share of Fixed Rate Noncumulative Perpetual Preferred Stock, Series I","False","N","N"
"ALL$J","Allstate Corporation (The) Depositary Shares each representing a 1/1,000th interest in a share of Fixed Rate Noncumulative Perpetual Preferred Stock, Series J","False","N","N"
"ALTG$A","Alta Equipment Group Inc. Depositary Shares (each representing 1/1000th in a share of 10% Series A Cumulative Perpetual Preferred Stock)","False","N","N"
"ALUB.U","Alussa Energy Acquisition Corp. II Units, each consisting of one Class A ordinary share and one-third of one redeemable warrant","False","N","N"
"ALUB.W","Alussa Energy Acquisition Corp. II Redeemable Warrants, each whole warrant exercisable for one Class A ordinary share at an exercise price of $11.50 per share","False","N","N"
"ALUR.W","Allurion Technologies, Inc. Warrants, each whole warrant exercisable to purchase 1.420455 shares of common stock at an exercise price of $8.10 per share of common stock","False","N","N"
"AMDW","Roundhill AMD WeeklyPay ETF","True","Z","N"
"AMH$G","American Homes 4 Rent Series G cumulative redeemable perpetual preferred shares of beneficial interest","False","N","N"
"AMH$H","American Homes 4 Rent Series H cumulative redeemable perpetual Preferred Shares of Beneficial Interest","False","N","N"
"AMPGW","Amplitech Group, Inc. - Warrants","False","NASDAQ","N"
"AMPX.W","Amprius Technologies, Inc. Warrants to purchase one share of Common Stock at an exercise price of $11.50 per share","False","N","N"
"ANG$D","American National Group Inc. Depositary Shares, each representing a 1/1000th interest in a share of 7.375% Fixed-Rate Non-Cumulative Preferred Stock, Series D","False","N","N"
"AOMD","Angel Oak Mortgage REIT, Inc. 9.750% Senior Notes due 2030","False","N","N"
"APLMW","Apollomics Inc. - Warrant","False","NASDAQ","N"
"APLU","Allspring Core Plus ETF","True","P","N"
"APLX","Tradr 2X Long APLD Daily ETF","True","Z","N"
"APO$A","Apollo Global Management, Inc. 6.75% Series A Mandatory Convertible Preferred Stock","False","N","N"
"APXM","FT Vest U.S. Equity Max Buffer ETF - April","True","Z","N"
"AQEC","AQE Core ETF","True","Z","N"
"ARCX","Tradr 2X Long ACHR Daily ETF","True","Z","N"
"ARES$B","Ares Management Corporation 6.75% Series B Mandatory Convertible Preferred Stock","False","N","N"
"ARKT","ARK DIET Q4 Buffer ETF","True","Z","N"
"ARMU","T-REX 2X Long ARM Daily Target ETF","True","Z","N"
"ARMW","Roundhill ARM WeeklyPay ETF","True","Z","N"
"ARR$C","ARMOUR Residential REIT, Inc. 7% Series C Cumulative Redeemable Preferred Stock (liquidation preference $25.00 per share)","False","N","N"
"ARWG","Archer Growth ETF","True","Z","N"
"ASB$E","Associated Banc-Corp Depositary Shares, each representing a 1/40th interest in a share of 5.875% Non-Cumulative Perpetual Preferred Stock, Series E","False","N","N"
"ASB$F","Associated Banc-Corp Depositary Shares, each representing a 1/40th interest in a share of Associated Banc-Corp 5.625% Non-Cumulative Perpetual Preferred Stock, Series F","False","N","N"
"ASLV","Allspring Special Large Value ETF","True","P","N"
"ASTX","Tradr 2X Long ASTS Daily ETF","True","Z","N"
"ATH$A","Athene Holding Ltd. Depositary Shares, Each Representing a 1/1,000th Interest in a 6.35% Fixed-to-Floating Rate Perpetual Non-Cumulative Preference Share, Series A","False","N","N"
"ATH$B","Athene Holding Ltd. Depositary Shares, Each Representing a 1/1,000th Interest in a 5.625% Fixed Rate Perpetual Non- Cumulative Preference Share, Series B, par value $1.00 per share","False","N","N"
"ATH$D","Athene Holding Ltd. Depositary Shares, Each Representing a 1/1,000th Interest in a 4.875% Fixed-Rate Perpetual Non-Cumulative Preference Share, Series D","False","N","N"
"ATH$E","Athene Holding Ltd. Depositary Shares, Each Representing a 1/1,000th Interest in a 7.750% Fixed-Rate Reset Perpetual Non-Cumulative Preference Share, Series E","False","N","N"
"ATHA","Athira Pharma, Inc. - Common Stock","False","NASDAQ","N"
"ATTR","Arin Tactical Tail Risk ETF","True","Z","N"
"AUB$A","Atlantic Union Bankshares Corporation Depositary Shares each representing a 1/400th ownership interest in a share of 6.875% Perpetual Non-Cumulative Preferred Stock, Series A","False","N","N"
"AURU","Tradr 2X Long AUR Daily ETF","True","Z","N"
"AVGW","Roundhill AVGO WeeklyPay ETF","True","Z","N"
"AXIA$","AXIA Energia AXIA Energia American Depositary Shares (Each representing one Preferred Class B1 Share)","False","N","N"
"AXIA$C","AXIA Energia American Depositary Shares, each representing one Preferred Class C Share","False","N","N"
"AXS$E","Axis Capital Holdings Limited Depositary Shares, each representing 1/100th interest in a share of a 5.50% Series E Preferred Shares","False","N","N"
"AXUP","T-REX 2X Long AXON Daily Target ETF","True","Z","N"
"BA$A","Boeing Company (The) Depositary Shares, each representing a 1/20th interest in a share of 6.00% Series A Mandatory Convertible Preferred Stock, par value $1.00","False","N","N"
"BABW","Roundhill BABA WeeklyPay ETF","True","Z","N"
"BAC$B","Bank of America Corporation Depositary Shares, each representing a 1/1,000th interest in a share of 6.000% Non-Cumulative Preferred Stock, Series GG","False","N","N"
"BAC$E","Bank of America Corporation Depositary Sh repstg 1/1000th Perp Pfd Ser E","False","N","N"
"BAC$K","Bank of America Corporation Depositary Shares, each representing a 1/1,000th interest in a share of 5.875% Non- Cumulative Preferred Stock, Series HH","False","N","N"
"BAC$L","Bank of America Corporation Non Cumulative Perpetual Conv Pfd Ser L","False","N","N"
"BAC$M","Bank of America Corporation Depositary Shares, each representing a 1/1,000th interest in a share of 5.375% Non-Cumulative Preferred Stock, Series KK","False","N","N"
"BAC$N","Bank of America Corporation Depositary shares, each representing 1/1,000th interest in a share of 5.000% Non-Cumulative Preferred Stock, Series LL","False","N","N"
"BAC$O","Bank of America Corporation Depositary shares, each representing 1/1,000th interest in a share of 4.375% Non-Cumulative Preferred Stock, Series NN","False","N","N"
"BAC$P","Bank of America Corporation Depositary Shares, each representing a 1/1,000th interest in a share of 4.125% Non-Cumulative Preferred Stock, Series PP","False","N","N"
"BAC$Q","Bank of America Corporation Depositary shares, each representing 1/1,000th interest in a share of 4.250% Non-Cumulative Preferred Stock, Series QQ","False","N","N"
"BAC$S","Bank of America Corporation Depositary shares, each representing 1/1,000th interest in a share of 4.750% Non-Cumulative Preferred Stock, Series SS","False","N","N"
"BAGY","Amplify Bitcoin Max Income Covered Call ETF","True","Z","N"
"BANC$F","Banc of California, Inc. Depositary Shares, each representing a 1/40th interest in a share of 7.75% non-cumulative perpetual preferred stock, Series F","False","N","N"
"BBAI.W","BigBear.ai, Inc. Redeemable Warrants, each exercisable for one share of Common Stock at an exercise price of $11.50 per share","False","N","N"
"BBBY.W","Bed Bath & Beyond, Inc. Warrants to Purchase Common Stock","False","N","N"
"BBHL","BBH Select Large Cap ETF","True","P","N"
"BBHM","BBH Select Mid Cap ETF","True","P","N"
"BBLGW","Bone Biologics Corp - warrants","False","NASDAQ","N"
"BC$C","Brunswick Corporation 6.375% Notes due 2049","False","N","N"
"BCCC","Global X Bitcoin Covered Call ETF","True","Z","N"
"BCSS","Bain Capital GSS Investment Corp. Class A Ordinary Shares","False","N","N"
"BCSS.U","Bain Capital GSS Investment Corp. Units, each consisting of one Class A Ordinary Share and one-fifth of one redeemable warrant","False","N","N"
"BCSS.W","Bain Capital GSS Investment Corp. Redeemable warrants, each whole warrant exercisable for one Class A ordinary share at an exercise price of $11.50","False","N","N"
"BCV$A","Bancroft Fund Limited 5.375% Series A Cumulative Preferred Shares","False","A","N"
"BEBE.U","TGE Value Creative Solutions Corp Units, each consisting of one Class A ordinary share and one-half of one redeemable warrant","False","N","N"
"BEP$A","Brookfield Renewable Partners L.P. 5.25% Class A Preferred Limited Partnership Units, Series 17","False","N","N"
"BESF","Bastion Energy ETF","True","Z","N"
"BEX","Tradr 2X Long BE Daily ETF","True","Z","N"
"BF.A","Brown Forman Inc Class A Common Stock","False","N","N"
"BF.B","Brown Forman Inc Class B Common Stock","False","N","N"
"BFH$A","Bread Financial Holdings, Inc. Depositary Shares, each representing a 1/40th interest in a share of 8.625% Non-Cumulative Perpetual Preferred Stock, Series A","False","N","N"
"BFLB","BufferLABS US Equity Dynamic Buffer ETF","True","Z","N"
"BFLY.W","Butterfly Network, Inc. Warrants","False","N","N"
"BFRE","Westwood LBRTY Global Equity ETF","True","P","N"
"BFRGW","Bullfrog AI Holdings, Inc. - Warrants","False","NASDAQ","N"
"BFRZ","Innovator Equity Managed 100 Buffer ETF","True","P","N"
"BFS$D","Saul Centers, Inc. Depositary Shares, each representing 1/100th of a share of 6.125% Series D Cumulative Redeemable Preferred Stock","False","N","N"
"BFS$E","Saul Centers, Inc. Depositary shares, each representing a 1/100th fractional interest in a share of 6.000% Series E Cumulative Redeemable Preferred Stock","False","N","N"
"BH.A","Biglari Holdings Inc. Class A Common Stock","False","N","N"
"BHR$B","Braemar Hotels & Resorts Inc. 5.50% Series B Cumulative Convertible Preferred Stock, par value $0.01 per share","False","N","N"
"BHR$D","Braemar Hotels & Resorts Inc. 8.25% Series D Cumulative Preferred Stock,  par value $0.01 per share","False","N","N"
"BIAFW","bioAffinity Technologies, Inc. - Warrant","False","NASDAQ","N"
"BIII.U","Black Spade Acquisition III Co Units, each consisting of one Class A ordinary share and one-third of one redeemable warrant","False","N","N"
"BILT","iShares Infrastructure Active ETF","True","Z","N"
"BIO.B","Bio-Rad Laboratories, Inc. Class B  Common Stock","False","N","N"
"BIP$A","Brookfield Infrastructure Partners LP 5.125% Class A Preferred Limited Partnership Units, Series 13","False","N","N"
"BIP$B","Brookfield Infrastructure Partners LP 5.000% Class A Preferred Limited Partnership Units, Series 14","False","N","N"
"BITK","Tuttle Capital IBIT 0DTE Covered Call ETF","True","Z","N"
"BITY","Amplify Bitcoin 2% Monthly Option Income ETF","True","Z","N"
"BK$K","The Bank Of New York Mellon Corporation  Depositary Shares, each representing a 1/4,000th interest in a share of Series K Noncumulative Perpetual Preferred Stock","False","N","N"
"BKKT.W","Bakkt Holdings, Inc. Warrant","False","N","N"
"BKNU","T-REX 2X Long BKNG Daily Target ETF","True","Z","N"
"BKSY.W","BlackSky Technology Inc. Redeemable Warrants, each whole Warrant exercisable for one share of Class A Common Stock","False","N","N"
"BLSX","Tradr 2X Long BLSH Daily ETF","True","Z","N"
"BML$G","Bank of America Corporation Depositary Shares (Each representing a 1/1200th interest in a share of Floating Rate Non-Cumulative Preferred Stock , Series 1)","False","N","N"
"BML$H","Bank of America Corporation Depositary Shares (Each representing a 1/1200th interest in a Share of Floating Rate Non-Cumulative Preferred Stock, Series 2)","False","N","N"
"BML$J","Bank of America Corporation Depositary Shares (Each representing a 1/1200th interest in a Share of Floating Rate Non-Cumulative Preferred Stock, Series 4)","False","N","N"
"BML$L","Bank of America Corporation Depositary Shares (Each representing a 1/1200th Interest in a Share of Floating Rate Non-Cumulative Preferred Stock, Series 5)","False","N","N"
"BMNU","T-REX 2X Long BMNR Daily Target ETF","True","Z","N"
"BMNZ","Defiance Daily Target 2X Short BMNR ETF","True","P","N"
"BOH$A","Bank of Hawaii Corporation Depositary Shares Each Representing a 1/40th Interest in a Share of 4.375% Fixed Rate Non-Cumulative Perpetual Preferred Stock, Series A","False","N","N"
"BOH$B","Bank of Hawaii Corporation Depositary Shares, Each Representing a 1/40th Interest in a Share of 8.000% Fixed Rate Non-Cumulative Perpetual Preferred Stock, Series B","False","N","N"
"BOND","PIMCO Active Bond Exchange-Traded Fund Exchange-Traded Fund","True","N","N"
"BRK.A","Berkshire Hathaway Inc. Common Stock","False","N","N"
"BRK.B","Berkshire Hathaway Inc. New Common Stock","False","N","N"
"BRKW","Roundhill BRKB WeeklyPay ETF","True","Z","N"
"BTBDW","BT Brands, Inc. - Warrant","False","NASDAQ","N"
"BTFL","Defiance Daily Target 2X Long BITF ETF","True","Z","N"
"BUFH","FT Vest Laddered Max Buffer ETF","True","Z","N"
"BUFX","FT Vest Laddered Enhance & Moderate Buffer ETF","True","Z","N"
"BULU","T-REX 2X Long BULL Daily Target ETF","True","Z","N"
"BW$A","Babcock & Wilcox Enterprises, Inc. 7.75% Series A Cumulative Perpetual Preferred Stock","False","N","N"
"BWOW","Bitwise Dogecoin ETF","True","P","N"
"C$N","Citigroup Capital XIII 7.875% Fixed rate Floating Rate trust Preferred Securities (TruPS)","False","N","N"
"CADE$A","Cadence Bank 5.50% Series A ","False","N","N"
"CAM","AB California Intermediate Municipal ETF","True","P","N"
"CAPNU","Cayson Acquisition Corp - Units","False","NASDAQ","N"
"CARU","MAX Auto Industry 3x Leveraged ETN","True","P","N"
"CBOA","Calamos Bitcoin Structured Alt Protection ETF - April","True","Z","N"
"CBOL","Calamos Laddered Bitcoin Structured Alt Protection ETF","True","Z","N"
"CBOO","Calamos Bitcoin Structured Alt Protection ETF - October","True","Z","N"
"CBOY","Calamos Bitcoin Structured Alt Protection ETF - July","True","Z","N"
"CBTA","Calamos Bitcoin 80 Series Structured Alt Protection ETF - April","True","Z","N"
"CBTL","Calamos Laddered Bitcoin 80 Series Structured Alt Protection ETF","True","Z","N"
"CBTO","Calamos Bitcoin 80 Series Structured Alt Protection ETF - October","True","Z","N"
"CBTY","Calamos Bitcoin 80 Series Structured Alt Protection ETF - July","True","Z","N"
"CBXA","Calamos Bitcoin 90 Series Structured Alt Protection ETF - April","True","Z","N"
"CBXL","Calamos Laddered Bitcoin 90 Series Structured Alt Protection ETF","True","Z","N"
"CBXO","Calamos Bitcoin 90 Series Structured Alt Protection ETF - October","True","Z","N"
"CBXY","Calamos Bitcoin 90 Series Structured Alt Protection ETF - July","True","Z","N"
"CCID","Carlyle Credit Income Fund 7.375% Series D Term Preferred Shares due 2028","False","N","N"
"CCRP","Columbia Corporate Bond ETF","True","P","N"
"CCUP","T-REX 2X Long CRCL Daily Target ETF","True","Z","N"
"CCZ","Comcast Holdings ZONES","False","N","N"
"CDR$B","Cedar Realty Trust, Inc. 7.25% Series B Cumulative Redeemable Preferred Stock","False","N","N"
"CDR$C","Cedar Realty Trust, Inc. 6.50% Series C Cumulative Redeemable Preferred Stock","False","N","N"
"CEFZ","RiverNorth Active Income ETF","True","Z","N"
"CEGX","Tradr 2X Long CEG Daily ETF","True","Z","N"
"CELG.R","Bristol-Myers Squibb Company Celegne Contingent Value Rights","False","N","N"
"CELT","Tradr 2X Long CELH Daily ETF","True","Z","N"
"CFG$E","Citizens Financial Group, Inc. Depositary Shares Each Representing 1/40th Interest in a Share of 5.000% Fixed-Rate Non-Cumulative Perpetual Preferred Stock, Series E","False","N","N"
"CFG$H","Citizens Financial Group, Inc. Depositary Shares Each Representing a 1/40th Interest in a Share of 7.375% Fixed-Rate Non-Cumulative Perpetual Preferred Stock, Series H","False","N","N"
"CFG$I","Citizens Financial Group, Inc. Depositary Shares, Each Representing a 1/40th Interest in a Share of 6.500% Fixed-Rate Reset Non-Cumulative Perpetual Preferred Stock, Series I","False","N","N"
"CFIT","Cambria Fixed Income Trend ETF","True","Z","N"
"CFR$B","Cullen/Frost Bankers, Inc. Depositary Shares, each representing a 1/40th ownership interest in a share of 4.450% non-cumulative perpetual preferred stock, Series B","False","N","N"
"CHMI$A","Cherry Hill Mortgage Investment Corporation 8.20% Series A Cumulative Redeemable Preferred Stock","False","N","N"
"CHMI$B","Cherry Hill Mortgage Investment Corporation 8.250% Series B Fixed-to-Floating Rate Cumulative Redeemable Preferred Stock","False","N","N"
"CIFU","T-REX 2X Long CIFR Daily Target ETF","True","Z","N"
"CIG.C","Comp En De Mn Cemig ADS American Depositary Receipts","False","N","N"
"CIM$A","Chimera Investment Corporation 8.00% Series A Cumulative Redeemable Preferred Stock","False","N","N"
"CIM$B","Chimera Investment Corporation 8.00% Series B Fixed-to-Floating Rate Cumulative Redeemable Preferred Stock","False","N","N"
"CIM$C","Chimera Investment Corporation 7.75% Series C Fixed-to-Floating Rate  Cumulative Redeemable  Preferred Stock","False","N","N"
"CIM$D","Chimera Investment Corporation 8.00% Series D Fixed-to-Floating Rate Cumulative Redeemable Preferred Stock","False","N","N"
"CIMP","Chimera Investment Corporation 8.875% Senior Notes due 2030","False","N","N"
"CITR","General Enterprise Ventures, Inc. Common Stock","False","A","N"
"CLDT$A","Chatham Lodging Trust (REIT) 6.625% Series A Cumulative Redeemable Preferred Shares of Beneficial Interest","False","N","N"
"CLSX","Tradr 2X Long CLSK Daily ETF","True","Z","N"
"CMA$B","Comerica Incorporated Depositary Shares, each representing a 1/40th interest in a share of 6.875% Fixed-Rate Reset Non-Cumulative Perpetual Preferred Stock, Series B","False","N","N"
"CMDB","Costamare Bulkers Holdings Limited Common Stock","False","N","N"
"CMPO","CompoSecure, Inc. Class A Common Stock","False","N","N"
"CMRE$B","Costamare Inc. Perpetual Preferred Stock Series B (Marshall Islands)","False","N","N"
"CMRE$C","Costamare Inc. Perpetual Preferred Series C (Marshall Islands)","False","N","N"
"CMRE$D","Costamare Inc. 8.75% Series D Cumulative Redeemable Perpetual Preferred Stock","False","N","N"
"CMS$B","CMS Energy Corporation Preferred Stock","False","N","N"
"CMS$C","CMS Energy Corporation Depositary Shares, each representing a 1/1,000th interest in a share of 4.200% Cumulative Redeemable Perpetual Preferred Stock, Series C","False","N","N"
"CNO$A","CNO Financial Group, Inc. 5.125% Subordinated Debentures due 2060","False","N","N"
"CODI$A","Compass Diversified Holdings 7.250% Series A Preferred Shares representing beneficial interest in Compass Diversified Holdings","False","N","N"
"CODI$B","Compass Diversified Holdings 7.875% Series B Fixed-to-Floating Rate Cumulative Preferred Shares representing beneficial interests in Compass Diversified Holdings","False","N","N"
"CODI$C","Compass Diversified Holdings 7.875% Series C Cumulative Preferred Shares","False","N","N"
"COF$I","Capital One Financial Corporation Depositary shares each representing a 1/40th interest in a share of Fixed Rate Non-Cumulative Perpetual Preferred Stock, Series I of the Issuer","False","N","N"
"COF$J","Capital One Financial Corporation Depositary Shares, Each Representing a 1/40th Interest in a Share of Fixed Rate Non- Cumulative Perpetual Preferred Stock, Series J","False","N","N"
"COF$K","Capital One Financial Corporation Depositary Shares, Each Representing a 1/40th Ownership Interest in a Share of Fixed Rate Non-Cumulative Perpetual Preferred Stock, Series K","False","N","N"
"COF$L","Capital One Financial Corporation Depositary Shares, Each Representing a 1/40th Interest in a Share of Fixed Rate Non-Cumulative Perpetual Preferred Stock, Series L","False","N","N"
"COF$N","Capital One Financial Corporation Depositary Shares, Each Representing a 1/40th Ownership Interest in a Share of Fixed Rate Non-Cumulative Perpetual Preferred Stock, Series N","False","N","N"
"COII","REX COIN Growth & Income ETF","True","Z","N"
"COIO","Leverage Shares 2x Capped Accelerated COIN Monthly ETF","True","Z","N"
"COMM","CommScope Holding Company, Inc. - Common Stock","False","NASDAQ","N"
"COPL.U","Copley Acquisition Corp Units, each consisting of one ordinary share and one-half warrant","False","N","N"
"COPL.W","Copley Acquisition Corp Redeemable warrants, each whole warrant exercisable for one Class A ordinary share at an exercise price of $11.50","False","N","N"
"CORB","AB Core Bond ETF","True","P","N"
"COSW","Roundhill COST WeeklyPay ETF","True","Z","N"
"COZX","Tradr 2X Long CORZ Daily ETF","True","Z","N"
"CPII","American Beacon Ionic Inflation Protection ETF","True","P","N"
"CRD.A","Crawford & Company Common Stock","False","N","N"
"CRD.B","Crawford & Company Common Stock","False","N","N"
"CRDU","Tradr 2X Long CRDO Daily ETF","True","Z","N"
"CRGOW","Freightos Limited - Warrants","False","NASDAQ","N"
"CRWU","T-REX 2X Long CRWV Daily Target ETF","True","Z","N"
"CRXP","Columbia Core Plus Bond ETF","True","P","N"
"CSEX","Tradr 2X Long CLS Daily ETF","True","Z","N"
"CSTK","Invesco Comstock Contrarian Equity ETF","True","Z","N"
"CTA$A","EIDP, Inc. Preferred Stock $3.50 Series","False","N","N"
"CTA$B","EIDP, Inc. Preferred Stock $4.50 Series","False","N","N"
"CTEF","Castellan Targeted Equity ETF","True","Z","N"
"CTIF","Castellan Targeted Income ETF","True","Z","N"
"CTO$A","CTO Realty Growth, Inc. 6.375% Series A Cumulative Redeemable Preferred Stock","False","N","N"
"CWEN.A","Clearway Energy, Inc. Class A Common Stock","False","N","N"
"CWII","REX CRWV Growth & Income ETF","True","Z","N"
"CWVX","Tradr 2X Long CRWV Daily ETF","True","Z","N"
"CXRN","Teucrium 2x Daily Corn ETF","True","P","N"
"DAMD","Defiance Daily Target 2X Short AMD ETF","True","P","N"
"DANA","Dana Limited Volatility ETF","True","P","N"
"DASX","Tradr 2X Long DASH Daily ETF","True","Z","N"
"DBRG$H","DigitalBridge Group, Inc. 7.125% Series H ","False","N","N"
"DBRG$I","DigitalBridge Group, Inc. 7.15% Series I ","False","N","N"
"DBRG$J","DigitalBridge Group, Inc. 7.125% Series J ","False","N","N"
"DC.W","Dakota Gold Corp. Warrants, each warrant exercisable for one Common Share at an exercise price of $2.08","False","A","N"
"DDFD","Innovator Equity Dual Directional 15 Buffer ETF - December","True","Z","N"
"DDFJ","Innovator Equity Dual Directional 15 Buffer ETF - January","True","Z","N"
"DDFL","Innovator Equity Dual Directional 15 Buffer ETF - July","True","Z","N"
"DDFN","Innovator Equity Dual Directional 15 Buffer ETF - November","True","Z","N"
"DDFO","Innovator Equity Dual Directional 15 Buffer ETF - October","True","Z","N"
"DDFS","Innovator Equity Dual Directional 15 Buffer ETF - September","True","Z","N"
"DDNQ","Innovator Growth-100 Dual Directional 5 Buffer ETF - Quarterly","True","Z","N"
"DDSQ","Innovator Equity Dual Directional 5 Buffer ETF - Quarterly","True","Z","N"
"DDTD","Innovator Equity Dual Directional 10 Buffer ETF - December","True","Z","N"
"DDTJ","Innovator Equity Dual Directional 10 Buffer ETF - January","True","Z","N"
"DDTL","Innovator Equity Dual Directional 10 Buffer ETF - July","True","Z","N"
"DDTN","Innovator Equity Dual Directional 10 Buffer ETF - November","True","Z","N"
"DDTO","Innovator Equity Dual Directional 10 Buffer ETF - October","True","Z","N"
"DDTS","Innovator Equity Dual Directional 10 Buffer ETF - September","True","Z","N"
"DDV","Defined Duration 5 ETF","True","Z","N"
"DDXX","Defined Duration 20 ETF","True","Z","N"
"DEFR","Aptus Deferred Income ETF","True","Z","N"
"DFTT","DF Tactical 30 ETF","True","P","N"
"DIVN","Horizon Dividend Income ETF","True","Z","N"
"DJTU","T-REX 2X Long DJT Daily Target ETF","True","Z","N"
"DKUP","T-REX 2X Long DKNG Daily Target ETF","True","Z","N"
"DLAG","FT Vest U.S. Equity Dual Directional Buffer ETF - August","True","Z","N"
"DLNG$A","Dynagas LNG Partners LP 9.00% Series A Cumulative Redeemable Preferred Units","False","N","N"
"DLNV","FT Vest U.S. Equity Dual Directional Buffer ETF - November","True","Z","N"
"DLR$J","Digital Realty Trust, Inc. 5.250% Series J Cumulative Redeemable Preferred Stock","False","N","N"
"DLR$K","Digital Realty Trust, Inc. 5.850% Series K Cumulative Redeemable Preferred Stock, par value $0.01 per share","False","N","N"
"DLR$L","Digital Realty Trust, Inc. 5.200% Series L Cumulative Redeemable Preferred Stock","False","N","N"
"DOGD","Tradr 2X Long DDOG Daily ETF","True","Z","N"
"DOJE","REX-Osprey DOGE ETF","True","Z","N"
"DRGN","Themes China Generative Artificial Intelligence ETF","True","Z","N"
"DRKY","VistaShares Target 15 DRUKMacro Distribution ETF","True","P","N"
"DSX$B","Diana Shipping Inc. Perpetual Preferred Shares Series B (Marshall Islands)","False","N","N"
"DSX.W","Diana Shipping inc. Warrants","False","N","N"
"DTK","DTE Energy Company 2025 Series H 6.25% Junior Subordinated Debentures due 2085","False","N","N"
"DUK$A","Duke Energy Corporation Depositary Shares, each representing a 1/1,000th interest in a share of 5.75% Series A Cumulative Redeemable Perpetual Preferred Stock","False","N","N"
"DVXC","WEBs Communication Services XLC Defined Volatility ETF","True","NASDAQ","N"
"DVXK","WEBs Technology XLK Defined Volatility ETF","True","NASDAQ","N"
"DVXP","WEBs Consumer Staples XLP Defined Volatility ETF","True","NASDAQ","N"
"DX$C","Dynex Capital, Inc. 6.900% Series C Fixed-to-Floating Rate Cumulative Redeemable Preferred Stock","False","N","N"
"ECC$D","Eagle Point Credit Company Inc. 6.75% Series D Preferred Stock","False","N","N"
"ECF$A","Ellsworth Growth and Income Fund Ltd. 5.25% Series A Cumulative Preferred Shares (Liquidation Preference $25.00 per share)","False","A","N"
"EFC$A","Ellington Financial Inc. 6.750% Series A Fixed-to-Floating Rate Cumulative Redeemable Preferred Stock","False","N","N"
"EFC$B","Ellington Financial Inc. 6.250% Series B Fixed-Rate Reset Cumulative Redeemable Preferred Stock","False","N","N"
"EFC$C","Ellington Financial Inc. 8.625% Series C Fixed-Rate Reset Cumulative Redeemable Preferred Stock","False","N","N"
"EFC$D","Ellington Financial Inc. 7.00% Series D Cumulative Perpetual Redeemable Preferred Stock","False","N","N"
"EFFE","Harbor Osmosis Emerging Markets Resource Efficient ETF","True","P","N"
"EFFI","Harbor Osmosis International Resource Efficient ETF","True","P","N"
"EFTY","Etoiles Capital Group Co., Ltd. - Class A Ordinary Shares","False","NASDAQ","N"
"EHY","Amplify Ethereum Max Income Covered Call ETF","True","Z","N"
"ELWS","Earlyworks Co., Ltd. - American Depositary Shares","False","NASDAQ","N"
"EMBX","VanEck Emerging Markets Bond ETF","True","P","N"
"EMDV","ProShares MSCI Emerging Markets Dividend Growers ETF","True","Z","N"
"EMES","Harbor Emerging Markets Select ETF","True","P","N"
"EMPG","Empro Group Inc. - Ordinary shares","False","NASDAQ","N"
"ENPX","Tradr 2X Long ENPH Daily ETF","True","Z","N"
"EONR.W","EON Resources Inc. Warrants, each whole warrant exercisable for three quarters of one share of Class A Common Stock at an exercise price of $11.50 per whole share","False","A","N"
"EP$C","El Paso Corporation Preferred Stock","False","N","N"
"EPIN","Harbor International Equity ETF","True","P","N"
"EPMV","Harbor Mid Cap Value ETF","True","P","N"
"EPR$C","EPR Properties 5.75% Series C Cumulative Convertible Preferred Shares","False","N","N"
"EPR$E","EPR Properties Series E Cumulative Conv Pfd Shs Ser E","False","N","N"
"EPR$G","EPR Properties 5.750% Series G Cumulative Redeemable Preferred Shares","False","N","N"
"EPSV","Harbor SMID Cap Value ETF","True","P","N"
"EQH$A","Equitable Holdings, Inc. Depositary Shares","False","N","N"
"EQH$C","Equitable Holdings, Inc. Depositary Shares, each representing a 1/1,000th interest in a share of Fixed Rate Noncumulative Perpetual Preferred Stock, Series C","False","N","N"
"ESBG","First Trust Enhanced Stocks, Bonds & Gold ETF","True","P","N"
"ESK","REX-Osprey ETH + Staking ETF","True","Z","N"
"ET$I","Energy Transfer L.P. Series I Fixed Rate Perpetual Preferred Units","False","N","N"
"ETFT","Fundsmith Equity ETF","True","P","N"
"ETI$","Entergy Texas Inc 5.375% Series A Preferred Stock, Cumulative, No Par Value","False","N","N"
"ETTY","Amplify Ethereum 3% Monthly Option Income ETF","True","Z","N"
"EUDAW","Euda Health Holdings Limited - Warrant","False","NASDAQ","N"
"EUIG","iShares Euro Investment Grade Corporate Bond USD Hedged ETF","True","Z","N"
"EVAC.U","EQV Ventures Acquisition Corp. II Units, each unit consists of one Class A ordinary share and one-third of one redeemable warrant","False","N","N"
"EVAC.W","EQV Ventures Acquisition Corp. II Redeemable Warrants, each whole warrant exercisable for one Class A ordinary share at an exercise price of $11.50 per share","False","N","N"
"EVEX.W","Eve Holding, Inc. Warrants, each exercisable for one share of Common Stock at an exercise price of $11.50 per share","False","N","N"
"F$B","Ford Motor Company 6.20% Notes due June 1, 2059","False","N","N"
"F$C","Ford Motor Company 6% Notes due December 1, 2059","False","N","N"
"F$D","Ford Motor Company 6.500% Notes due August 15, 2062","False","N","N"
"FB","ProShares S&P 500 Dynamic Buffer ETF","True","Z","N"
"FBRT$E","Franklin BSP Realty Trust, Inc. 7.50% Series E Cumulative Redeemable Preferred Stock","False","N","N"
"FCRS.U","FutureCrest Acquisition Corp. Units, each consisting of one Class A ordinary share and one-quarter of one redeemable warrant","False","N","N"
"FCRS.W","FutureCrest Acquisition Corp. Redeemable warrants, each whole warrant exercisable for one Class A ordinary share at an exercise price of $11.50","False","N","N"
"FFF","Founders 100 ETF","True","Z","N"
"FGIWW","FGI Industries Ltd. - warrant","False","NASDAQ","N"
"FHN$C","First Horizon Corporation Depositary Shares, each representing a 1/400th interest in a share of Non-Cumulative Perpetual Preferred Stock, Series C","False","N","N"
"FHN$E","First Horizon Corporation Depositary Shares, each representing a 1/4,000th interest in a share of Non-Cumulative Perpetual Preferred Stock, Series E","False","N","N"
"FHN$F","First Horizon Corporation Depositary Shares, each representing 1/4000th Interest in a Share of Non-Cumulative Perpetual Preferred Stock, Series F","False","N","N"
"FLG$A","Flagstar Bank, N.A. Depositary shares, each representing a 1/40th interest in a share of Fixed-to-Floating Rate Series A Noncumulative Perpetual Preferred Stock","False","N","N"
"FLG$U","Flagstar Bank, N.A. Bifurcated Option Note Unit SecuritiES","False","N","N"
"FLYT","Tradr 2X Long FLY Daily ETF","True","Z","N"
"FLYX.W","flyExclusive, Inc. Redeemable warrants, each whole warrant exercisable for one Class A common stock at an exercise price of $11.50 per share","False","A","N"
"FMTL","First Trust Indxx Critical Metals ETF","True","P","N"
"FOUR$A","Shift4 Payments, Inc. 6.00% Series A Mandatory Convertible Preferred Stock","False","N","N"
"FRT$C","Federal Realty Investment Trust Depositary Shares, each representing a 1/1000th interest in a 5.000% Series C Cumulative Redeemable Preferred Share","False","N","N"
"FSOL","Fidelity Solana Fund","True","P","N"
"FSSL","FS Specialty Lending Fund Common Shares of Beneficial Interest","False","N","N"
"FTKI","First Trust Small Cap BuyWrite Income ETF","True","P","N"
"FTMA","Franklin Massachusetts Municipal Income ETF","True","P","N"
"FTMN","Franklin Minnesota Municipal Income ETF","True","P","N"
"FTOH","Franklin Ohio Municipal Income ETF","True","P","N"
"FTPA","Franklin Pennsylvania Municipal Income ETF","True","P","N"
"FTW.U","EQV Ventures Acquisition Corp. Units, each consisting of one Class A ordinary share and one-third of one redeemable warrant","False","N","N"
"FTW.W","EQV Ventures Acquisition Corp. Redeemable warrants, each whole warrant exercisable for one Class A ordinary share at an exercise price of $11.50 per share","False","N","N"
"GAB$G","Gabelli Equity Trust, Inc. (The) Series G Cumulative Preferred Stock","False","N","N"
"GAB$H","Gabelli Equity Trust, Inc. (The) Pfd Ser H","False","N","N"
"GAB$K","Gabelli Equity Trust, Inc. (The) 5.00% Series K Cumulative Preferred Stock","False","N","N"
"GAID","Guinness Atkinson International Dividend Builder ETF","True","P","N"
"GAM$B","General American Investors Company, Inc. Cumulative Preferred Stock","False","N","N"
"GBHI","Gabelli High Income ETF","True","P","N"
"GBXC","Goldman Sachs U.S. Large Cap Buffer 3 ETF","True","Z","N"
"GCTS.W","GCT Semiconductor Holding, Inc. Warrants, each whole warrant exercisable for one share of Common Stock at an exercise price of $11.50","False","N","N"
"GDEVW","GDEV Inc. - Warrant","False","NASDAQ","N"
"GDOG","Grayscale Dogecoin Trust ETF","True","P","N"
"GDV$H","The Gabelli Dividend & Income Trust 5.375% Series H Cumulative Preferred Shares","False","N","N"
"GDV$K","The Gabelli Dividend & Income Trust 4.250% Series K Cumulative Preferred Shares","False","N","N"
"GDXW","Roundhill Gold Miners WeeklyPay ETF","True","Z","N"
"GEF.B","Greif, Inc. Corporation Class B Common Stock","False","N","N"
"GEVX","Tradr 2X Long GEV Daily ETF","True","Z","N"
"GGN$B","GAMCO Global Gold, Natural Reources & Income Trust 5.00% Series B Cumulative 25.00 Liquidation Preference","False","A","N"
"GGT$E","Gabelli Multi-Media Trust Inc. (The) 5.125% Series E Cumulative Preferred Stock","False","N","N"
"GGT$G","Gabelli Multi-Media Trust Inc. (The) 5.125% Series G Cumulative Preferred Shares","False","N","N"
"GIPRW","Generation Income Properties Inc. - Warrant","False","NASDAQ","N"
"GJO","Synthetic Fixed-Income Securities, Inc. on behalf of STRATS(SM) Trust for Wal-Mart Stores, Inc. Securities, Series 2004-5","False","N","N"
"GJP","Synthetic Fixed-Income Securities, Inc. on behalf of STRATS (SM) Trust for Dominion Resources, Inc. Securities, Series 2005-6, Floating Rate Structured Repackaged Asset-Backed Trust Securities (STRATS) Certificates","False","N","N"
"GL$D","Globe Life Inc. 4.25% Junior Subordinated Debentures due 2061","False","N","N"
"GLDW","Roundhill Gold WeeklyPay ETF","True","Z","N"
"GLNK","Grayscale Chainlink Trust ETF","True","P","N"
"GLOP$A","GasLog Partners LP 8.625% Series A Cumulative Redeemable Perpetual Fixed to Floating Rate Preference Units","False","N","N"
"GLOP$B","GasLog Partners LP 8.200% Series B Cumulative Redeemable Perpetual Fixed to Floating Rate Preference Units","False","N","N"
"GLOP$C","GasLog Partners LP 8.500% Series C Cumulative Redeemable Perpetual Fixed to Floating Rate Preference Units","False","N","N"
"GLP$B","Global Partners LP 9.50% Series B Fixed Rate Cumulative Redeemable Perpetual Preferred Units representing limited partner interests","False","N","N"
"GLU$A","The Gabelli Global Utility and Income Trust Series A Cumulative Puttable and Callable Preferred Shares","False","A","N"
"GLU$B","The Gabelli Global Utility and Income Trust Series B Cumulative Puttable and Callable Preferred Shares","False","A","N"
"GLXU","T-REX 2X Long GLXY Daily Target ETF","True","Z","N"
"GME.W","GameStop Corporation Warrants to Purchase Common Stock","False","N","N"
"GMEU","T-REX 2X Long GME Daily Target ETF","True","Z","N"
"GMRE$A","Global Medical REIT Inc. Series A Cumulative Redeemable Preferred Stock","False","N","N"
"GMRE$B","Global Medical REIT Inc. 8.00% Series B Cumulative Redeemable Preferred Stock, $0.001 par value per share","False","N","N"
"GNL$A","Global Net Lease, Inc. 7.25% Series A Cumulative Redeemable Preferred Stock, $0.01 par value per share","False","N","N"
"GNL$B","Global Net Lease, Inc. 6.875% Series B Cumulative Redeemable Perpetual Preferred Stock","False","N","N"
"GNL$D","Global Net Lease, Inc. 7.50% Series D Cumulative Redeemable Perpetual Preferred Stock","False","N","N"
"GNL$E","Global Net Lease, Inc. 7.375% Series E Cumulative Redeemable Perpetual Preferred Stock","False","N","N"
"GNT$A","GAMCO Natural Resources, Gold & Income Tust  5.20% Series A Cumulative Preferred Shares (Liquidation Preference $25.00 per share)","False","N","N"
"GOOW","Roundhill GOOGL WeeklyPay ETF","True","Z","N"
"GPATU","GP-Act III Acquisition Corp. - Units","False","NASDAQ","N"
"GPMT$A","Granite Point Mortgage Trust Inc. 7.00% Series A Fixed-to-Floating Rate Cumulative Redeemable Preferred Stock","False","N","N"
"GPUS$D","Hyperscale Data, Inc. 13.00% Series D Cumulative Redeemable Perpetual Preferred Stock","False","A","N"
"GRAF.U","Graf Global Corp. Units, each consisting of one Class A ordinary share and one-half of one redeemable warrant","False","A","N"
"GRAF.W","Graf Global Corp. Warrants, each whole warrant exercisable for one Class A ordinary share at an exercise price of $11.50 per share","False","A","N"
"GRBK$A","Green Brick Partners, Inc. Depositary Shares (each representing a 1/1000th fractional interest in a share of 5.75% Series A Cumulative Perpetual Preferred Stock)","False","N","N"
"GRNI","Fundstrat Granny Shots US Large Cap & Income ETF","True","P","N"
"GRNJ","Fundstrat Granny Shots US Small- & Mid-Cap ETF","True","P","N"
"GROY.W","Gold Royalty Corp. Warrants","False","A","N"
"GS$A","Goldman Sachs Group, Inc. (The) Depositary Shares each representing 1/1000th Interest in a Share of Floating Rate Non-Cumulative Preferred Stock Series A","False","N","N"
"GS$C","Goldman Sachs Group, Inc. (The) Depositary Share repstg 1/1000th Preferred Series C","False","N","N"
"GS$D","Goldman Sachs Group, Inc. (The) Dep Shs repstg 1/1000 Pfd Ser D Fltg","False","N","N"
"GSHRU","Gesher Acquisition Corp. II - Units","False","NASDAQ","N"
"GSL$B","Global Ship Lease, Inc. Depository Shares Representing 1/100th Perpetual Preferred Series B% (Marshall Island)","False","N","N"
"GSX","Tradr 2X Long GS Daily ETF","True","Z","N"
"GTN.A","Gray Media, Inc. Class A Common Stock","False","N","N"
"GUT$C","Gabelli Utility Trust (The) 5.375% Series C Cumulative Preferred Shares","False","N","N"
"GWH.W","ESS Tech, Inc. Warrant","False","N","N"
"GXLC","Global X U.S. 500 ETF","True","P","N"
"GXRP","Grayscale XRP Trust ETF","True","P","N"
"HEFT","Hedgeye Fourth Turning ETF","True","P","N"
"HEI.A","Heico Corporation Common Stock","False","N","N"
"HEMI","Hartford Equity Premium Income ETF","True","Z","N"
"HFRO$A","Highland Opportunities and Income Fund 5.375% Series A Cumulative Preferred Shares","False","N","N"
"HFRO$B","Highland Opportunities and Income Fund 5.375% Series B Cumulative Preferred Shares","False","N","N"
"HFSI","Hartford Strategic Income ETF","True","Z","N"
"HIG$G","The Hartford Insurance Group, Inc. Depositary Shares each representing a 1/1000th interest in a share of 6.000% Non-Cumulative Preferred Stock, Series G","False","N","N"
"HL$B","Hecla Mining Company Preferred Stock","False","N","N"
"HLLY.W","Holley Inc. Warrants","False","N","N"
"HOII","REX HOOD Growth & Income ETF","True","Z","N"
"HOOW","Roundhill HOOD WeeklyPay ETF","True","Z","N"
"HOOZ","Defiance Daily Target 2X Short HOOD ETF","True","P","N"
"HPE$C","Hewlett Packard Enterprise Company 7.625% Series C Mandatory Convertible Preferred Stock","False","N","N"
"HPP$C","Hudson Pacific Properties, Inc. 4.750% Series C Cumulative Redeemable Preferred Stock","False","N","N"
"HSCSW","HeartSciences Inc. - Warrant","False","NASDAQ","N"
"HTAX","Nomura National High-Yield Municipal Bond ETF","True","P","N"
"HUBCZ","Hub Cyber Security Ltd. - Warrant","False","NASDAQ","N"
"HUMN","Roundhill Humanoid Robotics ETF","True","Z","N"
"HVT.A","Haverty Furniture Companies, Inc. Common Stock","False","N","N"
"HYAC.U","Haymaker Acquisition Corp. 4 Units, each consisting one Class A Ordinary Share and one-half of one redeemable Warrant","False","N","N"
"HYAC.W","Haymaker Acquisition Corp. 4 Warrants, each whole warrant exercisable for one Class A ordinary share at an exercise price of $11.50 per share","False","N","N"
"HYKE","Vest 2 Year Interest Rate Hedge ETF","True","Z","N"
"HYT.V","Blackrock Corporate High Yield Fund, Inc. Rights (expiring January 26, 2026) Rights when issued","False","N","N"
"IAUI","NEOS Gold High Income ETF","True","Z","N"
"IAUX.W","i-80 Gold Corp. Warrants, each warrant exercisable for one Common Share at an exercise price of $0.70","False","A","N"
"IBHL","iShares iBonds 2032 Term High Yield and Income ETF","True","Z","N"
"IBMT","iShares iBonds Dec 2031 Term Muni Bond ETF","True","Z","N"
"ICR$A","InPoint Commercial Real Estate Income, Inc. 6.75% Series A Cumulative Redeemable Preferred Stock","False","N","N"
"IFLR","Innovator International Developed Managed Floor ETF","True","P","N"
"IIPR$A","Innovative Industrial Properties, Inc. 9.00% Series A Cumulative Redeemable Preferred Stock","False","N","N"
"IMF","Invesco Managed Futures Strategy ETF","True","Z","N"
"INN$E","Summit Hotel Properties, Inc. 6.250% Series E Cumulative Redeemable Preferred Stock","False","N","N"
"INN$F","Summit Hotel Properties, Inc. 5.875% Series F Cumulative Redeemable Preferred Stock, $0.01 par value per share","False","N","N"
"IONQ.W","IonQ, Inc. Redeemable warrants, each whole warrant exercisable for one share of Common Stock, each at an exercise price of $11.50 per share","False","N","N"
"IQSZ","Invesco Global Equity Net Zero ETF","True","P","N"
"IREX","Tradr 2X Long IREN Daily ETF","True","Z","N"
"IRS.W","IRSA Inversiones Y Representaciones S.A. Warrants to purchase Common Shares","False","N","N"
"ISMF","iShares Managed Futures Active ETF","True","Z","N"
"IVDAW","Iveda Solutions, Inc. - Warrant","False","NASDAQ","N"
"IVP","Inspire Veterinary Partners, Inc. - Class A Common Stock","False","NASDAQ","N"
"IVR$C","INVESCO MORTGAGE CAPITAL INC 7.5% Fixed-to-Floating Series C Cumulative Redeemable Preferred Stock, Liquation Preference $25.00 per Share","False","N","N"
"JACS.R","Jackson Acquisition Company II Rights, each right to acquire one-tenth (1/10) of one Class A ordinary share","False","N","N"
"JACS.U","Jackson Acquisition Company II Units, each consisting of one Class A ordinary share and one right to acquire one-tenth (1/10) of one Class A ordinary share","False","N","N"
"JANB","Aptus January Buffer ETF","True","Z","N"
"JBK","Lehman ABS 3.50 3.50% Adjustable Corp Backed Tr Certs GS Cap I","False","N","N"
"JEDI","Defiance Drone and Modern Warfare ETF","True","P","N"
"JENA.R","Jena Acquisition Corporation II Rights, each right to acquire one-twentieth (1/20) of one Class A ordinary share","False","N","N"
"JENA.U","Jena Acquisition Corporation II Units, each consisting of one Class A ordinary share and one right","False","N","N"
"JFBRW","Jeffs' Brands Ltd - Warrant","False","NASDAQ","N"
"JHDV","John Hancock U.S. High Dividend ETF","True","P","N"
"JOBX","Tradr 2X Long JOBY Daily ETF","True","Z","N"
"JOBY.W","Joby Aviation, Inc. Warrants","False","N","N"
"JOYT","JPMorgan Equity and Options Total Return ETF","True","Z","N"
"JPHY","JPMorgan Active High Yield ETF","True","Z","N"
"JPM$C","J P Morgan Chase & Co Depositary Shares, each representing a 1/400th interest in a share of 6.00% Non-Cumulative  Preferred Stock, Series EE","False","N","N"
"JPM$D","J P Morgan Chase & Co Depositary Shares, each representing a 1/400th  interest in a share of 5.75% Non-Cumulative  Preferred Stock, Series DD","False","N","N"
"JPM$J","J P Morgan Chase & Co Depositary Shares, each representing a 1/400th interest in a share of JPMorgan Chase & Co. 4.75% Non-Cumulative Preferred Stock, Series GG","False","N","N"
"JPM$K","J P Morgan Chase & Co Depositary Shares, each representing a 1/400th interest in a share of 4.55% Non-Cumulative Preferred Stock, Series JJ","False","N","N"
"JPM$L","J P Morgan Chase & Co Depositary Shares, each representing a 1/400th interest in a share of 4.625% Non-Cumulative Preferred Stock, Series LL","False","N","N"
"JPM$M","J P Morgan Chase & Co Depositary Shares, each representing a 1/400th interest in a share of 4.20% Non-Cumulative Preferred Stock, Series MM","False","N","N"
"JULB","Aptus July Buffer ETF","True","Z","N"
"JXN$A","Jackson Financial Inc. Depositary Shares, each representing a 1/1,000th interest in a share of Fixed-Rate Reset Noncumulative Perpetual Preferred Stock, Series A","False","N","N"
"KAMO","Kensington Credit Opportunities ETF","True","Z","N"
"KDVD","Keeley Dividend ETF","True","P","N"
"KEY$I","KeyCorp Depositary Shares Each Representing a 1/40th Ownership Interest in a Share of Fixed-to-Floating Rate Perpetual Non-Cumulative Preferred Stock, Series E","False","N","N"
"KEY$J","KeyCorp Depositary Shares each representing a 1/40th ownership interest in a share of Fixed Rate Perpetual Non-Cumulative Preferred Stock, Series F","False","N","N"
"KEY$K","KeyCorp Depositary Shares, each representing a 1/40th ownership interest in a share of Fixed Rate Perpetual Non-Cumulative Preferred Stock, Series G","False","N","N"
"KEY$L","KeyCorp Depositary Shares each representing a 1/40th ownership interest in a share of Fixed Rate Perpetual Non-Cumulative Preferred Stock, Series H","False","N","N"
"KIM$L","Kimco Realty Corporation Class L Depositary Shares, each of which represents a one-one thousandth fractional interest in a share of 5.125% Class L Cumulative Redeemable Preferred Stock, liquidation preference $25,000.00 per share","False","N","N"
"KIM$M","Kimco Realty Corporation Class M Depositary Shares, each of which represents a one-one thousandth fractional interest in a share of 5.25% Class M Cumulative Redeemable Preferred Stock, liquidation preference $25,000.00 per share","False","N","N"
"KIM$N","Kimco Realty Corporation Depositary Shares, each representing 1/1,000th interest in a share of 7.25% Class N Cumulative Convertible Perpetual Preferred Stock","False","N","N"
"KKR$D","KKR & Co. Inc. 6.25% Series D Mandatory Convertible Preferred Stock","False","N","N"
"KKRT","KKR & Co. Inc. 6.875% Subordinated Notes due 2065","False","N","N"
"KLMN","Invesco MSCI North America Climate ETF","True","P","N"
"KLMT","Invesco MSCI Global Climate 500 ETF","True","P","N"
"KMAR","Innovator U.S. Small Cap Power Buffer ETF - March","True","Z","N"
"KMAY","Innovator U.S. Small Cap Power Buffer ETF - May","True","Z","N"
"KPHO","KraneShares Dragon Capital Vietnam Growth Index ETF","True","P","N"
"KPRO","KraneShares 100% KWEB Defined Outcome January 2027 ETF","True","P","N"
"KREF$A","KKR Real Estate Finance Trust Inc. 6.50% Series A Cumulative Redeemable Preferred Stock","False","N","N"
"KRSP","Rice Acquisition Corporation 3 Class A Ordinary Shares","False","N","N"
"KRSP.U","Rice Acquisition Corporation 3 Units, each consisting of one Class A ordinary share, and one-sixth of one redeemable warrant","False","N","N"
"KRSP.W","Rice Acquisition Corporation 3 Redeemable warrants, each whole warrant exercisable for one Class A ordinary share at an exercise price of $11.50","False","N","N"
"KSLV","Kurv Silver Enhanced Income ETF","True","Z","N"
"KTUP","T-REX 2X Long KTOS Daily Target ETF","True","Z","N"
"KVACU","Keen Vision Acquisition Corporation - Units","False","NASDAQ","N"
"KWIN","KraneShares Wahed Alternative Income Index ETF","True","P","N"
"KYLD","Kurv High Income ETF","True","Z","N"
"LABX","Tradr 2X Long ALAB Daily ETF","True","Z","N"
"LANV.W","Lanvin Group Holdings Limited Redeemable Warrants, each whole warrant exercisable for one Ordinary Share at an exercise price of $11.50","False","N","N"
"LCAP","Principal Capital Appreciation Select ETF","True","Z","N"
"LCDS","JPMorgan Fundamental Data Science Large Core ETF","True","NASDAQ","N"
"LCFYW","Locafy Limited - Warrant","False","NASDAQ","N"
"LCOW","Pacer S&P 500 Quality FCF Aristocrats ETF","True","Z","N"
"LEGT.U","Legato Merger Corp. III Units, each consisting of one Ordinary Share and one-half of one warrant","False","A","N"
"LEGT.W","Legato Merger Corp. III Redeemable Warrants, each whole warrant exercisable for one ordinary share at an exercise price of $11.50 per share","False","A","N"
"LEN.B","Lennar Corporation Class B","False","N","N"
"LFAO","LifeX 2055 Longevity Income ETF","True","Z","N"
"LFAW","LifeX 2060 Longevity Income ETF","True","Z","N"
"LFBE","LifeX 2065 Longevity Income ETF","True","Z","N"
"LFDR","LifeX Durable Income ETF","True","Z","N"
"LFT$A","Lument Finance Trust, Inc. 7.875% Series A Cumulative Redeemable Preferred Stock","False","N","N"
"LIAE","LifeX 2050 Inflation-Protected Longevity Income ETF","True","Z","N"
"LIAU","LifeX 2060 Inflation-Protected Longevity Income ETF","True","Z","N"
"LIBD","LifeX 2065 Inflation-Protected Longevity Income ETF","True","Z","N"
"LLII","REX LLY Growth & Income ETF","True","Z","N"
"LMND.W","Lemonade, Inc. Warrants","False","A","N"
"LNC$D","Lincoln National Corporation Depositary Shares Each Representing a 1/1,000th Interest in a Share of 9.000% Non-Cumulative Preferred Stock, Series D","False","N","N"
"LOB$A","Live Oak Bancshares, Inc. Depositary Shares, Each Representing a 1/40th Interest in a Share of 8.375% Fixed Rate Series A Non-Cumulative Perpetual Preferred Stock","False","N","N"
"LQPE","PEO AlphaQuest Thematic PE ETF","True","P","N"
"LRCU","Tradr 2X Long LRCX Daily ETF","True","Z","N"
"LUCYW","Innovative Eyewear, Inc. - Warrants","False","NASDAQ","N"
"LVDS","JPMorgan Fundamental Data Science Large Value ETF","True","Z","N"
"LVLN","State Street SPDR S&P Leveraged Loan ETF","True","P","N"
"LVWR.W","LiveWire Group, Inc. Warrants, each exercisable for one share of Common Stock at an exercise price of $11.50 per share","False","N","N"
"LXP$C","LXP Industrial Trust 6.5% Series C Cumulative Convertible Preferred Stock","False","N","N"
"LYFX","Tradr 2X Long LYFT Daily ETF","True","Z","N"
"LZM.W","Lifezone Metals Limited Warrants","False","N","N"
"MAA$I","Mid-America Apartment Communities, Inc. 8.50% Series I Cumulative Redeemable Preferred Stock","False","N","N"
"MAGO","Tuttle Capital Magnificent 7 Income Blast ETF","True","Z","N"
"MAGY","Roundhill Magnificent Seven Covered Call ETF","True","Z","N"
"MARU","AllianzIM U.S. Equity Buffer15 Uncapped Mar ETF","True","Z","N"
"MAYM","FT Vest U.S. Equity Max Buffer ETF - May","True","Z","N"
"MDAA","Myriad Dynamic Asset Allocation ETF","True","P","N"
"MDBX","Tradr 2X Long MDB Daily ETF","True","Z","N"
"MDV$A","Modiv Industrial, Inc. 7.375% Series A Cumulative Redeemable Perpetual Preferred Stock","False","N","N"
"MEME","Roundhill Meme Stock ETF","True","P","N"
"MER$K","Bank of America Corporation Income Capital Obligation Notes initially due December 15, 2066","False","N","N"
"MET$A","MetLife, Inc. Preferred Series A Floating Rate","False","N","N"
"MET$E","MetLife, Inc. Depositary Shares ","False","N","N"
"MET$F","MetLife, Inc. Depositary Shares, each representing a 1/1,000th interest in a share of 4.75% Non-Cumulative Preferred Stock, Series F","False","N","N"
"METW","Roundhill META WeeklyPay ETF","True","Z","N"
"MFA$B","MFA Financial, Inc. Preferred Series B","False","N","N"
"MFA$C","MFA Financial, Inc. 6.50% Series C Fixed-to-Floating Rate Cumulative Redeemable Preferred Stock","False","N","N"
"MFSB","MFS Active Core Plus Bond ETF","True","N","N"
"MFSG","MFS Active Growth ETF","True","N","N"
"MFSI","MFS Active International ETF","True","N","N"
"MFSM","MFS Active Intermediate Muni Bond ETF","True","N","N"
"MFSV","MFS Active Value ETF","True","N","N"
"MICC","The Magnum Ice Cream Company N.V. Ordinary Shares","False","N","N"
"MITT$A","TPG Mortgage Investment Trust, Inc. 8.25% Series A Cumulative Redeemable Preferred Stock","False","N","N"
"MITT$B","TPG Mortgage Investment Trust, Inc. 8.00% Series B Cumulative Redeemable Preferred Stock","False","N","N"
"MITT$C","TPG Mortgage Investment Trust, Inc. 8.00% Series C Fixed-to-Floating Rate Cumulative Redeemable Preferred Stock, $0.01 par value per share","False","N","N"
"MJSC","MUFG Japan Small Cap Active ETF","True","P","N"
"MKC.V","McCormick & Company, Incorporated Common Stock","False","N","N"
"MLACU","Mountain Lake Acquisition Corp. - Units","False","NASDAQ","N"
"MLPI","NEOS MLP & Energy Infrastructure High Income ETF","True","Z","N"
"MMAX","iShares Large Cap Max Buffer Mar ETF","True","Z","N"
"MMC","Marsh & McLennan Companies, Inc. Common Stock","False","N","N"
"MMID","MFS Active Mid Cap ETF","True","N","N"
"MNMD","Mind Medicine (MindMed) Inc. - Common Shares","False","NASDAQ","N"
"MODG","Topgolf Callaway Brands Corp. Common Stock","False","N","N"
"MOG.A","Moog Inc. Class A Common Stock","False","N","N"
"MOG.B","Moog Inc. Class B Common Stock","False","N","N"
"MPLY","Monopoly ETF","True","Z","N"
"MS$A","Morgan Stanley Dep Shs repstg 1/1000 Pfd Ser A","False","N","N"
"MS$E","Morgan Stanley DEPOSITARY SHARES REP 1/1000TH SHARES FIXED/FLTG PREFERRED STOCK SERIES E","False","N","N"
"MS$F","Morgan Stanley Dep Shs Rpstg 1/1000th Int Prd Ser F Fxd to Flag","False","N","N"
"MS$I","Morgan Stanley Depository Shares Representing 1/1000th Preferred Series 1 Fixed to Floating Non (Cum)","False","N","N"
"MS$K","Morgan Stanley Depositary Shares, each representing 1/1,000th of a share of Fixed-to-Floating Rate Non-Cumulative Preferred Stock,  Series K","False","N","N"
"MS$L","Morgan Stanley Depositary Shares, each representing 1/1,000th of a share of 4.875% Non-Cumulative Preferred Stock, Series L","False","N","N"
"MS$O","Morgan Stanley Depositary Shares, each representing 1/1,000th of a share of 4.250% Non-Cumulative Preferred Stock, Series O","False","N","N"
"MS$P","Morgan Stanley Depositary Shares, each representing 1/1,000th of a share of 6.500% Non-Cumulative Preferred Stock, Series P","False","N","N"
"MS$Q","Morgan Stanley Depositary Shares, each representing 1/1,000th of a share of 6.625% Non-Cumulative Preferred Stock, Series Q","False","N","N"
"MSFW","Roundhill MSFT WeeklyPay ETF","True","Z","N"
"MSII","REX MSTR Growth & Income ETF","True","Z","N"
"MSOO","Leverage Shares 2x Capped Accelerated MSTR Monthly ETF","True","Z","N"
"MSST","YieldMax MSTR Performance & Distribution Target 25 ETF","True","Z","N"
"MSTK","Tuttle Capital MSTR 0DTE Covered Call ETF","True","Z","N"
"MSTW","Roundhill MSTR WeeklyPay ETF","True","Z","N"
"MTB$H","M&T Bank Corporation Perpetual Fixed-to-Floating Rate Non-Cumulative Preferred Stock, Series H","False","N","N"
"MTB$J","M&T Bank Corporation Depositary Shares each representing a 1/400th ownership interest in a share of Perpetual 7.500% Non-Cumulative Preferred Stock, Series J","False","N","N"
"MTB$K","M&T Bank Corporation Depositary Shares each representing a 1/400th interest in a share of Perpetual 6.350% Non-Cumulative Preferred Stock, Series K","False","N","N"
"MTRA","Invesco International Growth Focus ETF","True","Z","N"
"MUNY","Vanguard New York Tax-Exempt Bond ETF","True","Z","N"
"MUSE","TCW Multisector Credit Income ETF","True","N","N"
"NA","Nano Labs Ltd - Class A Ordinary Shares","False","NASDAQ","N"
"NBTR","Neuberger Berman Total Return Bond ETF","True","P","N"
"NCPLW","Netcapital Inc. - warrants","False","NASDAQ","N"
"NCV$A","Virtus Convertible & Income Fund 5.625% Series A Cumulative Preferred Shares","False","N","N"
"NCZ$A","Virtus Convertible & Income Fund II 5.50% Series A Cumulative Preferred Shares","False","N","N"
"NE.A","Noble Corporation plc Tranche 2 Warrants","False","N","N"
"NE.W","Noble Corporation plc Tranche 1 Warrants","False","N","N"
"NEBX","Tradr 2X Long NBIS Daily ETF","True","Z","N"
"NEE$N","NextEra Energy, Inc. Series N Junior Subordinated Debentures due March 1, 2079","False","N","N"
"NEE$S","NextEra Energy, Inc. 7.299% Corporate Units","False","N","N"
"NEE$T","NextEra Energy, Inc. 7.234% Corporate Units","False","N","N"
"NEE$U","NextEra Energy, Inc. Series U Junior Subordinated Debentures due June 1, 2085","False","N","N"
"NEHI","NEOS Ethereum High Income ETF","True","Z","N"
"NELS","Nelson Select ETF","True","Z","N"
"NETX","Tradr 2X Long NET Daily ETF","True","Z","N"
"NFLW","Roundhill NFLX WeeklyPay ETF","True","Z","N"
"NGL$B","NGL ENERGY PARTNERS LP 9.00% Class B Fixed-to-Floating Rate Cumulative Redeemable Perpetual Preferred Units representing limited partnership interests","False","N","N"
"NGL$C","NGL ENERGY PARTNERS LP 9.625% Class C Fixed-to-Floating Rate Cumulative  Redeemable Perpetual Preferred Units representing  limited partner interests","False","N","N"
"NIHI","NEOS MSCI EAFE High Income ETF","True","Z","N"
"NLSI","NEOS Long/Short Equity Income ETF","True","Z","N"
"NLY$F","Annaly Capital Management Inc 6.95% Series F","False","N","N"
"NLY$G","Annaly Capital Management Inc 6.50% Series G Fixed-to-Floating Rate Cumulative Redeemable Preferred Stock","False","N","N"
"NLY$I","Annaly Capital Management Inc 6.750% Series I Fixed-to-Floating Rate Cumulative Redeemable Preferred Stock","False","N","N"
"NLY$J","Annaly Capital Management Inc. 8.875% Series J Fixed-Rate Cumulative Redeemable Preferred Stock","False","N","N"
"NMAR","Innovator Growth-100 Power Buffer ETF - March","True","Z","N"
"NMAY","Innovator Growth-100 Power Buffer ETF - May","True","Z","N"
"NNEX","Tradr 2X Long NNE Daily ETF","True","Z","N"
"NODE","VanEck Onchain Economy ETF","True","Z","N"
"NOEMU","CO2 Energy Transition Corp. - Unit","False","NASDAQ","N"
"NOTE.W","FiscalNote Holdings, Inc. Warrants to purchase one share of Class A common stock, each at an exercise price of $11.50 per share","False","N","N"
"NPWR.W","NET Power Inc. Redeemable warrants, each whole warrant exercisable for one share of Class A Common Stock at an exercise price of $11.50","False","N","N"
"NREF$A","NexPoint Real Estate Finance, Inc. 8.50% Series A Cumulative Redeemable Preferred Stock","False","N","N"
"NSA$A","National Storage Affiliates Trust 6.000% Series A Cumulative Redeemable Preferred Shares of Beneficial Interest (Liquidation Preference $25.00 per share)","False","N","N"
"NSA$B","National Storage Affiliates Trust 6.000% Series B Cumulative Redeemable Preferred Shares of Beneficial Interest","False","N","N"
"NTWOU","Newbury Street II Acquisition Corp - Unit","False","NASDAQ","N"
"NUTR","Nusatrip Incorporated - Common Stock","False","NASDAQ","N"
"NUVB.W","Nuvation Bio Inc. Warrants","False","N","N"
"NVDO","Leverage Shares 2x Capped Accelerated NVDA Monthly ETF","True","Z","N"
"NVII","REX NVDA Growth & Income ETF","True","Z","N"
"NVIT","YieldMax NVDA Performance & Distribution Target 25 ETF","True","Z","N"
"NVTX","Tradr 2X Long NVTS Daily ETF","True","Z","N"
"NWAX.U","New America Acquisition I Corp. Units, each consisting of one share of Class A Common Stock and one-half of one redeemable warrant","False","N","N"
"NWMX","Tradr 2X Long NEM Daily ETF","True","Z","N"
"NXDT$A","NexPoint Diversified Real Estate Trust 5.50% Series A Cumulative Preferred Shares ($25.00 liquidation preference per share)","False","N","N"
"NXGLW","NexGel, Inc - Warrant","False","NASDAQ","N"
"NYM","AB New York Intermediate Municipal ETF","True","P","N"
"OABIW","OmniAb, Inc. - Warrant","False","NASDAQ","N"
"OAK$A","Brookfield Oaktree Holdings, LLC 6.625% Series A Preferred Units","False","N","N"
"OAK$B","Brookfield Oaktree Holdings, LLC 6.550% Series B Preferred Units","False","N","N"
"OAKUU","Oak Woods Acquisition Corporation - Unit","False","NASDAQ","N"
"OCSAW","Oculis Holding AG - Warrants","False","NASDAQ","N"
"ODHY","Obra Defensive High Yield ETF","True","P","N"
"OKLS","Defiance Daily Target 2X Short OKLO ETF","True","P","N"
"OKTX","Tradr 2X Long OKTA Daily ETF","True","Z","N"
"ONDL","Defiance Daily Target 2X Long ONDS ETF","True","Z","N"
"OPEX","Tradr 2X Long OPEN Daily ETF","True","Z","N"
"OPFI.W","OppFi Inc. Warrants","False","N","N"
"OPP$A","RiverNorth/DoubleLine Strategic Opportunity Fund, Inc. 4.375% Series A Cumulative Preferred Stock","False","N","N"
"OPP$B","RiverNorth/DoubleLine Strategic Opportunity Fund, Inc. 4.75% Series B Cumulative Preferred Stock","False","N","N"
"OPP$C","RiverNorth/DoubleLine Strategic Opportunity Fund, Inc. 6.00% Series C Term Preferred Stock (Liquidation Preference $10.00 per share)","False","A","N"
"ORO","Arrow Valtoro ETF","True","Z","N"
"OST","Ostin Technology Group Co., Ltd. - Class A Ordinary Shares","False","NASDAQ","N"
"OWNB","Bitwise Bitcoin Standard Corporations ETF","True","P","N"
"OXY.W","Occidental Petroleum Corporation Warrants ","False","N","N"
"PAII.U","Pyrophyte Acquisition Corp. II Units, each consisting of one Class A ordinary share and one-half of one redeemable warrant","False","N","N"
"PAII.W","Pyrophyte Acquisition Corp. II Warrants, each whole warrant exercisable for one Class A Ordinary Share at an exercise price of $11.50 per share","False","N","N"
"PAYH","TrueShares S&P Autocallable High Income ETF","True","Z","N"
"PAYM","TrueShares S&P Autocallable Defensive Income ETF","True","Z","N"
"PAYR","Federated Hermes Enhanced Income ETF","True","Z","N"
"PBI$B","Pitney Bowes Inc 6.70% Notes Due 2043","False","N","N"
"PBR.A","Petroleo Brasileiro S.A. Petrobras American Depositary Shares representing Preferred Shares","False","N","N"
"PC","Premium Catering (Holdings) Limited - Ordinary Shares","False","NASDAQ","N"
"PCG$A","Pacific Gas & Electric Co. 6% Preferred Stock","False","A","N"
"PCG$B","Pacific Gas & Electric Co. 5 1/2% Preferred Stock","False","A","N"
"PCG$C","Pacific Gas & Electric Co. 5% 1st Preferred Stock","False","A","N"
"PCG$D","Pacific Gas & Electric Co. 5% 1st  Red. Preferred Stock","False","A","N"
"PCG$E","Pacific Gas & Electric Co. 5% 1st A Preferred Stock","False","A","N"
"PCG$G","Pacific Gas & Electric Co. 4.80% 1st Preferred Stock","False","A","N"
"PCG$H","Pacific Gas & Electric Co. 4.50% 1st Preferred Stock","False","A","N"
"PCG$I","Pacific Gas & Electric Co. 4.36% 1st Preferred Stock","False","A","N"
"PCG$X","PG&E Corp 6.000% Series A Mandatory Convertible Preferred Stock","False","N","N"
"PCL","PGIM Corporate Bond 10+ Year ETF","True","Z","N"
"PCS","PGIM Corporate Bond 0-5 Year ETF","True","Z","N"
"PEB$E","Pebblebrook Hotel Trust 6.375% Series E Cumulative Redeemable Preferred Shares of Beneficial Interest","False","N","N"
"PEB$F","Pebblebrook Hotel Trust 6.3% Series F Cumulative Redeemable Preferred Shares of Beneficial Interest","False","N","N"
"PEB$G","Pebblebrook Hotel Trust 6.375% Series G Cumulative Redeemable Preferred Shares of Beneficial Interest","False","N","N"
"PEB$H","Pebblebrook Hotel Trust 5.700% Series H Cumulative Redeemable Preferred Shares of Beneficial Interest","False","N","N"
"PERF.W","Perfect Corp. Warrants, each exercisable for one Class A Ordinary Share at a price of $11.50 per share","False","N","N"
"PEW.W","GrabAGun Digital Holdings Inc. Warrants, each whole warrant exercisable to purchase one share of Common Stock at an exercise price of $11.50 per share","False","N","N"
"PHXE$","Phoenix Energy One, LLC Series A Cumulative Redeemable Preferred Shares","False","A","N"
"PIIIW","P3 Health Partners Inc. - Warrant","False","NASDAQ","N"
"PINE$A","Alpine Income Property Trust, Inc. 8.00% Series A Cumulative Redeemable Preferred Stock","False","N","N"
"PJFM","PGIM Jennison Focused Mid-Cap ETF","True","Z","N"
"PL.W","Planet Labs PBC Redeemable warrants, each whole warrant exercisable for one share of Class A common stock, each at an exercise price of $11.50 per share","False","N","N"
"PLOO","Leverage Shares 2x Capped Accelerated PLTR Monthly ETF","True","Z","N"
"PLTI","REX PLTR Growth & Income ETF","True","Z","N"
"PLTS","Platinum Analytics Cayman Limited - Class A Ordinary Shares","False","NASDAQ","N"
"PLU","Defiance Daily Target 2x Long PL ETF","True","Z","N"
"PMAP","PGIM S&P 500 Max Buffer ETF - April","True","Z","N"
"PMAU","PGIM S&P 500 Max Buffer ETF - August","True","Z","N"
"PMDE","PGIM S&P 500 Max Buffer ETF - December","True","Z","N"
"PMJL","PGIM S&P 500 Max Buffer ETF - July","True","Z","N"
"PMJN","PGIM S&P 500 Max Buffer ETF - June","True","Z","N"
"PMMR","PGIM S&P 500 Max Buffer ETF - March","True","Z","N"
"PMMY","PGIM S&P 500 Max Buffer ETF - May","True","Z","N"
"PMNV","PGIM S&P 500 Max Buffer ETF - November","True","Z","N"
"PMOC","PGIM S&P 500 Max Buffer ETF - October","True","Z","N"
"PMSE","PGIM S&P 500 Max Buffer ETF - September","True","Z","N"
"PMT$A","PennyMac Mortgage Investment Trust 8.125% Series A Fixed-to-Floating Rate Cumulative Redeemable Preferred Shares of Beneficial Interest","False","N","N"
"PMT$B","PennyMac Mortgage Investment Trust 8.00% Series B Fixed-to-Floating Rate Cumulative Redeemable Preferred Shares of Beneficial Interest","False","N","N"
"PMT$C","PennyMac Mortgage Investment Trust 6.75% Series C Cumulative Redeemable Preferred Shares of Beneficial Interest","False","N","N"
"PMTW","PennyMac Mortgage Investment Trust 9.00% Senior Notes due 2030","False","N","N"
"PNFP$A","Pinnacle Financial Partners, Inc. Fixed-to-Floating Rate Non-Cumulative Perpetual Preferred Stock, Series A","False","N","N"
"PNFP$B","Pinnacle Financial Partners, Inc. Fixed-to-Floating Rate Non-Cumulative Perpetual Preferred Stock, Series B","False","N","N"
"PNFP$C","Pinnacle Financial Partners, Inc. Fixed-to-Floating Rate Non-Cumulative Perpetual Preferred Stock, Series C","False","N","N"
"PONX","Tradr 2X Long PONY Daily ETF","True","Z","N"
"PRENW","Prenetics Global Limited - Warrant","False","NASDAQ","N"
"PRIF$D","Priority Income Fund, Inc. 7.00% Series D Term Preferred Stock due 2029","False","N","N"
"PRIF$J","Priority Income Fund, Inc. 6.000% Series J Term Preferred Stock due 2028","False","N","N"
"PRIF$K","Priority Income Fund, Inc. 7.000% Series K Cumulative Preferred Stock","False","N","N"
"PRIF$L","Priority Income Fund, Inc. 6.375% Series L Term Preferred Stock Due 2029","False","N","N"
"PRSD","State Street Short Duration IG Public & Private Credit ETF","True","P","N"
"PSA$F","Public Storage Depositary Shares Each Representing 1/1,000 of a 5.15% Cumulative Preferred Share of Beneficial Interest, Series F, par value $0.01 per share","False","N","N"
"PSA$G","Public Storage Depositary Shares, Each Representing 1/1,000 of a 5.05% Cumulative Preferred Share of Beneficial Interest, Series G","False","N","N"
"PSA$H","Public Storage Depositary Shares Each Representing 1/1,000 of a  5.60% Cumulative Preferred  Share of Beneficial Interest, Series H","False","N","N"
"PSA$I","Public Storage Depositary Shares Each Representing 1/1,000 of a 4.875% Cumulative Preferred Share of Beneficial Interest, Series I, par value $0.01 per share","False","N","N"
"PSA$J","Public Storage Depositary Shares Each Representing 1/1,000 of a 4.700% Cumulative Preferred Share of Beneficial Interest, Series J, par value $0.01 per share","False","N","N"
"PSA$K","Public Storage Depositary Shares Each Representing 1/1,000 of a 4.75% Cumulative Preferred Share of Beneficial Interest, Series K","False","N","N"
"PSA$L","Public Storage Depositary Shares Each Representing 1/1,000 of a 4.625% Cumulative Preferred Share of Beneficial Interest, Series L, par value $0.01 per share","False","N","N"
"PSA$M","Public Storage Depositary Shares Each Representing 1/1,000 of a 4.125% Cumulative Preferred Share of Beneficial Interest, Series M","False","N","N"
"PSA$N","Public Storage Depositary Shares Each Representing 1/1,000 of a 3.875% Cumulative Preferred Share of Beneficial Interest, Series N","False","N","N"
"PSA$O","Public Storage Depositary Shares Each Representing 1/1,000 of a 3.900% Cumulative Preferred Share of Beneficial Interest, Series O","False","N","N"
"PSA$P","Public Storage Depositary Shares Each Representing 1/1,000 of a 4.000% Cumulative Preferred Share of Bene cial Interest, Series P","False","N","N"
"PSA$Q","Public Storage Depositary Shares Each Representing 1/1,000 of a 3.950% Cumulative Preferred Share of Beneficial Interest, Series Q, par value $0.01 per share","False","N","N"
"PSA$R","Public Storage Depositary Shares Each Representing 1/1,000 of a 4.00% Cumulative Preferred Share of Bene cial Interest, Series R","False","N","N"
"PSA$S","Public Storage Depositary Shares Each Representing 1/1,000 of a 4.100% Cumulative Preferred Share of Beneficial Interest, Series S","False","N","N"
"PSEC$A","Prospect Capital Corporation 5.35% Series A Fixed Rate Cumulative Perpetual Preferred Stock","False","N","N"
"PSQH.W","PSQ Holdings, Inc. Warrants, each exercisable for one share of Class A common stock at an exercise price of $11.50 per share","False","N","N"
"PT","Pintec Technology Holdings Limited - American Depositary Shares","False","NASDAQ","N"
"PTHL","Pheton Holdings Ltd - Class A Ordinary Shares","False","NASDAQ","N"
"PTN","Palatin Technologies, Inc. Common Stock","False","A","N"
"PTNM","Pitanium Limited - Class A Ordinary Shares","False","NASDAQ","N"
"PW$A","Power REIT 7.75% Series A Cumulative Perpetual Preferred Stock","False","A","N"
"PXIU","T-REX 2X Long UPXI Daily Target ETF","True","Z","N"
"Q","Qnity Electronics, Inc. Common Stock","False","N","N"
"QBSF","AllianzIM U.S. Equity Buffer15 ETF","True","Z","N"
"QBTX","Tradr 2X Long QBTS Daily ETF","True","Z","N"
"QETAU","Quetta Acquisition Corporation - Unit","False","NASDAQ","N"
"QMMM","QMMM Holdings Limited - Class A Ordinary Shares","False","NASDAQ","N"
"QSOL","Invesco Galaxy Solana ETF","True","Z","N"
"QSX","Tradr 2X Long QS Daily ETF","True","Z","N"
"QTAC","Q3 All-Season Tactical Advantage ETF","True","Z","N"
"QUBX","Tradr 2X Long QUBT Daily ETF","True","Z","N"
"QULL","ETRACS 2x Leveraged MSCI US Quality Factor TR ETN","True","P","N"
"QXO$B","QXO, Inc.  Depositary Shares, each representing a 1/20th interest in a share of 5.50% Series B Mandatory Convertible Preferred Stock","False","N","N"
"RAC.U","Rithm Acquisition Corp. Units (each consists of one Class A Ordinary Share and one-third of one redeemable Warrant)","False","N","N"
"RAC.W","Rithm Acquisition Corp. Redeemable warrants, each whole warrant exercisable for one Class A ordinary share at an exercise price of $11.50","False","N","N"
"RAL","Ralliant Corporation Common Stock","False","N","N"
"RB","ProShares Russell 2000 Dynamic Buffer ETF","True","Z","N"
"RBLU","T-REX 2X Long RBLX Daily Target ETF","True","Z","N"
"RC$C","Ready Capital Corporation 6.25% Series C Cumulative Convertible Preferred Stock","False","N","N"
"RC$E","Ready Capital Corporation 6.50% Series E Cumulative Redeemable Preferred Stock","False","N","N"
"REFA","Columbia Research Enhanced International Equity ETF","True","P","N"
"RELI","Reliance Global Group, Inc. - Common Stock","False","NASDAQ","N"
"RELIW","Reliance Global Group, Inc. - Series A Warrants","False","NASDAQ","N"
"REXR$B","Rexford Industrial Realty, Inc. 5.875% Series B Cumulative Redeemable Preferred Stock","False","N","N"
"REXR$C","Rexford Industrial Realty, Inc. 5.625% Series C Cumulative Redeemable Preferred Stock, par value $0.01 per share","False","N","N"
"RF$C","Regions Financial Corporation Depositary Shares, each Representing a 1/40th Interest in a  Share of 5.700% Fixed-to-Floating Rate Non-Cumulative  Perpetual Preferred Stock, Series C","False","N","N"
"RF$E","Regions Financial Corporation Depositary Shares, Each Representing a 1/40th Interest in a Share of 4.45% Non-Cumulative Perpetual Preferred Stock, Series E","False","N","N"
"RF$F","Regions Financial Corporation Depositary Shares Each Representing a 1/40th Interest in a Share of Non-Cumulative Perpetual Preferred Stock, Series F","False","N","N"
"RGTU","Tradr 2X Long RGTI Daily ETF","True","Z","N"
"RITM$A","Rithm Capital Corp. 7.50% Series A Fixed-to-Floating Rate Cumulative Redeemable Preferred Stock","False","N","N"
"RITM$B","Rithm Capital Corp. 7.125% Series B Fixed-to-Floating Rate Cumulative Redeemable Preferred Stock","False","N","N"
"RITM$C","Rithm Capital Corp. 6.375% Series C Fixed-to-Floating Rate Cumulative Redeemable Preferred Stock","False","N","N"
"RITM$D","Rithm Capital Corp. 7.00% Fixed-Rate Reset Series D Cumulative Redeemable Preferred Stock","False","N","N"
"RITM$E","Rithm Capital Corp. 8.75% Series E Fixed-Rate Cumulative Redeemable Preferred Stock","False","N","N"
"RIV$A","RiverNorth Opportunities Fund, Inc. 6.00% Series A Perpetual Preferred Stock","False","N","N"
"RLJ$A","RLJ Lodging Trust $1.95 Series A Cumulative Convertible  Preferred Shares","False","N","N"
"RMME","Rareview Government Money Market ETF","True","Z","N"
"RNR$F","RenaissanceRe Holdings Ltd. Depositary Shares, each Representing a 1/1,000th Interest in a 5.750% Series F Preference Share","False","N","N"
"RNR$G","RenaissanceRe Holdings Ltd. Depositary Shares, each representing a 1/1,000th interest in a share of 4.20% Series G Preference Shares","False","N","N"
"RPT$C","Rithm Property Trust Inc. 9.875% Series C Fixed-to-Floating Rate Cumulative Redeemable Preferred Stock","False","N","N"
"RSSX","Return Stacked U.S. Stocks & Gold/Bitcoin ETF","True","Z","N"
"RSVRW","Reservoir Media, Inc.. - Warrant","False","NASDAQ","N"
"RVRB","Reverb ETF","True","Z","N"
"RWT$A","Redwood Trust, Inc. 10.00% Series A Fixed-Rate Reset Cumulative Redeemable Preferred Stock","False","N","N"
"RWTQ","Redwood Trust, Inc. 9.500% Senior Notes Due 2030","False","N","N"
"RYSE","Vest 10 Year Interest Rate Hedge ETF","True","Z","N"
"SAC.U","Safeguard Acquisition Corp. Units, each consisting of one Class A ordinary share and one-half of one redeemable warrant","False","N","N"
"SACH$A","Sachem Capital Corp. 7.75% Series A Cumulative Redeemable Preferred Stock","False","A","N"
"SATLW","Satellogic Inc. - Warrant","False","NASDAQ","N"
"SAWG","AAM Sawgrass US Large Cap Quality Growth ETF","True","P","N"
"SB$C","Safe Bulkers, Inc Cumulative Redeemable Perpetual Preferred Series C (Marshall Islands)","False","N","N"
"SB$D","Safe Bulkers, Inc Perpetual Preferred Series D (Marshall Islands)","False","N","N"
"SBDS","Solo Brands, Inc. Class A Common Stock","False","N","N"
"SBTU","T-REX 2X Long SBET Daily Target ETF","True","Z","N"
"SBXD.U","SilverBox Corp IV Units, each consisting of one Class A ordinary share and one-third of one redeemable warrant","False","N","N"
"SBXD.W","SilverBox Corp IV Redeemable warrants, each whole warrant exercisable for one Class A Ordinary Share at an exercise price of $11.50","False","N","N"
"SBXE.U","SilverBox Corp V Units, each consisting of one Class A Ordinary Share and one-third of one redeemable warrant","False","N","N"
"SCDL","ETRACS 2x Leveraged US Dividend Factor TR ETN","True","P","N"
"SCE$G","SCE Trust II Trust Preferred Securities","False","N","N"
"SCE$K","Southern California Edison Company 5.45% Fixed-to-Floating Rate Trust Preference Securities","False","N","N"
"SCE$L","SCE TRUST VI","False","N","N"
"SCE$M","SCE Trust VII 7.50% Trust Preference Securities","False","N","N"
"SCE$N","SCE Trust VIII 6.95% Trust Preference Securities","False","N","N"
"SCEC","Sterling Capital Enhanced Core Bond ETF","True","Z","N"
"SCEP","Sterling Capital Hedged Equity Premium Income ETF","True","Z","N"
"SCHW$D","The Charles Schwab Corporation Depositary Shares each representing 1/40th interest in a share of 5.95% Non-Cumulative Perpetual Preferred Stock, Series D","False","N","N"
"SCHW$J","The Charles Schwab Corporation Depositary Shares, Each Representing a 1/40th Interest in a Share of 4.450% Non-Cumulative Perpetual Preferred Stock, Series J","False","N","N"
"SCMC","Sterling Capital Multi-Strategy Income ETF","True","Z","N"
"SCNM","Sterling Capital National Municipal Bond ETF","True","Z","N"
"SDCP","Virtus Newfleet Short Duration Core Plus Bond ETF","True","P","N"
"SDM","Smart Digital Group Limited - Ordinary Shares","False","NASDAQ","N"
"SEAL$A","Seapeak LLC 9.00% Series A Cumulative Redeemable Perpetual Preferred Units","False","N","N"
"SEAL$B","Seapeak LLC 8.50% Series B Fixed-to-Floating Rate Cumulative Redeemable Perpetual Preferred Units","False","N","N"
"SEMG","Suncoast Select Growth ETF","True","P","N"
"SES.W","SES AI Corporation Warrants, each whole warrant exercisable for one share of Class A Common Stock at an exercise price of $11.50 per share","False","N","N"
"SF$B","Stifel Financial Corporation Depositary Shares, Each Representing 1/1,000th  Interest in a Share of 6.25% Non-Cumulative  Preferred Stock, Series B","False","N","N"
"SF$C","Stifel Financial Corporation Depositary Shares, Each Representing 1/1,000th Interest in a Share of 6.125% Non Cumulative Preferred Stock, Series C","False","N","N"
"SF$D","Stifel Financial Corporation Depositary Shares, Each Representing 1/1,000th Interest in a Share of 4.50% Non-Cumulative Preferred Stock, Series D","False","N","N"
"SFTY","Horizon Managed Risk ETF","True","Z","N"
"SGBX","Safe & Green Holdings Corp. - Common Stock","False","NASDAQ","N"
"SHO$H","Sunstone Hotel Investors, Inc. 6.125% Series H Cumulative Redeemable Preferred Stock","False","N","N"
"SHO$I","Sunstone Hotel Investors, Inc. 5.70% Series I Cumulative Redeemable Preferred Stock","False","N","N"
"SHUS","Stratified LargeCap Hedged ETF","True","P","N"
"SKYH.W","Sky Harbour Group Corporation Warrants, each whole warrant exercisable for one share of Class A common stock at an exercise price of $11.50 per share","False","N","N"
"SLG$I","SL Green Realty Corporation Preferred Series I","False","N","N"
"SLND.W","Southland Holdings, Inc. Warrants","False","A","N"
"SMDX","Intech S&P Small-Mid Cap Diversified Alpha ETF","True","P","N"
"SMQ","Tradr 1X Short Innovation 100 Monthly ETF","True","Z","N"
"SMU","Tradr 2X Long SMR Daily ETF","True","Z","N"
"SMUP","T-REX 2X Long SMR Daily Target ETF","True","Z","N"
"SNOU","T-REX 2X Long SNOW Daily Target ETF","True","Z","N"
"SNPX","Tradr 2X Long SNPS Daily ETF","True","Z","N"
"SOEZ","Franklin Solana ETF","True","P","N"
"SOLM","Amplify Solana 3% Monthly Option Income ETF","True","Z","N"
"SOLX","T-REX 2X Long SOL Daily Target ETF","True","Z","N"
"SOMN","Southern Company (The) 2025 Series A Corporate Units","False","N","N"
"SOUL.R","Soulpower Acquisition Corporation Rights, each right entitling the holder to receive one-tenth (1/10) of one Class A Ordinary Share","False","N","N"
"SOUL.U","Soulpower Acquisition Corporation Units, each consisting of one Class A ordinary share and one right","False","N","N"
"SPBU","AllianzIM Buffer15 Uncapped Allocation ETF","True","Z","N"
"SPCZ","RiverNorth Enhanced Pre-Merger SPAC ETF","True","Z","N"
"SPE$C","Special Opportunities Fund Inc. 2.75% Convertible Preferred Stock, Series C","False","N","N"
"SPG$J","Simon Property Group, Inc. Simon Property Group 8 3/8% Series J Cumulative Redeemable Preferred Stock","False","N","N"
"SPKLU","Spark I Acquisition Corp. - Unit","False","NASDAQ","N"
"SPME","Sound Point Meridian Capital, Inc. 7.875% Series B Preferred Shares due 2030","False","N","N"
"SPNT$B","SiriusPoint Ltd. 8.00% Resettable Fixed Rate Preference Shares, Series B, $25.00 liquidation preference per share","False","N","N"
"SPTU","State Street SPDR Portfolio Ultra Short T-Bill ETF","True","P","N"
"SPYA","Twin Oak Endure ETF","True","Z","N"
"SPYH","NEOS S&P 500 Hedged Equity Income ETF","True","Z","N"
"SR$A","Spire Inc. Depositary Shares, each representing a 1/1,000th interest in a share of 5.90% Series A Cumulative Redeemable Perpetual Preferred Stock","False","N","N"
"SRG$A","Seritage Growth Properties 7.00% Series A Cumulative Redeemable Preferred Shares of Beneficial Interest","False","N","N"
"SRPU","Tradr 2X Long SRPT Daily ETF","True","Z","N"
"STEN","iShares Large Cap 10% Target Buffer Sep ETF","True","Z","N"
"STOX","Horizon Core Equity ETF","True","Z","N"
"STSM","Defiance Daily Target 2X Short TSM ETF","True","P","N"
"STT$G","State Street Corporation Depositary shares, each representing a 1/4,000th ownership interest in a share of Fixed-to-Floating Rate Non-Cumulative","False","N","N"
"SUNC","SunocoCorp LLC Common Units, representing limited liability company interests","False","N","N"
"SVA","Sinovac Biotech, Ltd. - Ordinary Shares (Antigua/Barbudo)","False","NASDAQ","N"
"SVREW","SaverOne 2014 Ltd. - Warrant","False","NASDAQ","N"
"SWAGW","Stran & Company, Inc. - Warrant","False","NASDAQ","N"
"SYF$A","Synchrony Financial Depositary Shares, each Representing a 1/40th Interest in a Share of 5.625% Fixed Rate Non-Cumulative Perpetual Preferred Stock, Series A","False","N","N"
"SYF$B","Synchrony Financial Depositary Shares Each Representing a 1/40th Interest in a Share of 8.250% Fixed Rate Reset Non-Cumulative Perpetual Preferred Stock, Series B","False","N","N"
"T$A","AT&T Inc. Depositary Shares, each representing a 1/1,000th interest in a share of 5.000% Perpetual Preferred Stock, Series A","False","N","N"
"T$C","AT&T Inc. Depositary Shares, each representing a 1/1,000th interest in a share of 4.750% Perpetual Preferred Stock, Series C","False","N","N"
"TACU","T. Rowe Price Active Core U.S. Equity ETF","True","P","N"
"TAP.A","Molson Coors Beverage Company Class A Common Stock","False","N","N"
"TAPR","Innovator Equity Defined Protection ETF - 2 Yr to April 2027","True","Z","N"
"TCAL","T. Rowe Price Capital Appreciation Premium Income ETF","True","P","N"
"TCPA","TransCanada PipeLines Limited 6.250% Junior Subordinated Notes due 2085","False","N","N"
"TDACU","Translational Development Acquisition Corp. - Units","False","NASDAQ","N"
"TDAQ","TappAlpha Innovation 100 Growth & Daily Income ETF","True","Z","N"
"TDAX","TDAQ Lift ETF","True","Z","N"
"TDS$U","Telephone and Data Systems, Inc. Depositary Shares, Each Representing a 1/1,000th Interest in a 6.625% Series UU Cumulative Redeemable Perpetual Preferred Stock","False","N","N"
"TDS$V","Telephone and Data Systems, Inc. Depositary Shares, Each Representing a 1/1,000th Interest in a 6.000% Series VV Cumulative Redeemable Perpetual Preferred Stock","False","N","N"
"TE.W","T1 Energy Inc. Warrants, each whole warrant exercisable to purchase one Common Stock at an exercise price of $11.50 per share","False","N","N"
"TEF","Telefonica SA Common Stock","False","N","N"
"TEMT","Tradr 2X Long TEM Daily ETF","True","Z","N"
"TEMX","Touchstone Sands Capital Emerging Markets ex-China Growth ETF","True","Z","N"
"TEN$E","Tsakos Energy Navigation Ltd Series E Fixed-to-Floating Rate Cumulative Redeemable Perpetual Preferred Shares, par value $1.00","False","N","N"
"TEN$F","Tsakos Energy Navigation Ltd Series F Fixed-to-Floating Rate Cumulative Redeemable Perpetual Preferred Shares, par value $1.00","False","N","N"
"TEND","iShares Large Cap 10% Target Buffer Dec ETF","True","Z","N"
"TEST","YieldMax TSLA Performance & Distribution Target 25 ETF","True","Z","N"
"TFC$I","Truist Financial Corporation Depositary Shares","False","N","N"
"TFC$O","Truist Financial Corporation Depositary Shares, Each Representing a 1/1,000th Interest in a Share of Series O Non-Cumulative Perpetual Preferred Stock","False","N","N"
"TFC$R","Truist Financial Corporation Depositary Shares, each representing 1/1,000th interest in a share of Series R Non-Cumulative Perpetual Preferred Stock","False","N","N"
"TFIN$","Triumph Financial, Inc. Depositary Shares, Each Representing a 1/40th Interest in a Share of 7.125% Series C Fixed-Rate Non-Cumulative Perpetual Preferred Stock","False","N","N"
"TGE.W","The Generation Essentials Group Warrants, each whole warrant exercisable for one Class A Ordinary Share","False","A","N"
"THEQ","T. Rowe Price Hedged Equity ETF","True","P","N"
"TII","Titan Mining Corporation Common Shares","False","A","N"
"TIPA","Northern Trust 2030 Inflation-Linked Distributing Ladder ETF","True","P","N"
"TJUN","FT Vest Emerging Markets Buffer ETF - June","True","Z","N"
"TLTX","Global X Treasury Bond Enhanced Income ETF","True","Z","N"
"TMAR","FT Vest Emerging Markets Buffer ETF - March","True","Z","N"
"TOCT","Innovator Equity Defined Protection ETF - 2 Yr to October 2027","True","Z","N"
"TOXR","Shares of Beneficial Interest","True","Z","N"
"TRIO","MC Trio Equity Buffered ETF","True","Z","N"
"TRPA","Hartford AAA CLO ETF","True","Z","N"
"TRTN$A","Triton International Limited 8.50% Series A Cumulative Redeemable Perpetual  Preference Shares","False","N","N"
"TRTN$B","Triton International Limited 8.00% Series B Cumulative Redeemable Perpetual Preference Shares","False","N","N"
"TRTN$C","Triton International Limited 7.375% Series C Cumulative Redeemable Perpetual Preference Shares","False","N","N"
"TRTN$D","Triton International Limited 6.875% Series D Cumulative Redeemable Perpetual Preference Shares","False","N","N"
"TRTN$E","Triton International Limited 5.75% Series E Cumulative Redeemable Perpetual Preference Shares","False","N","N"
"TRTN$F","Triton International Limited 7.625% Series F Cumulative Redeemable Perpetual Preference Shares","False","N","N"
"TRTX$C","TPG RE Finance Trust, Inc. 6.25% Series C Cumulative Redeemable Preferred Stock, $0.001 par value per share","False","N","N"
"TSII","REX TSLA Growth & Income ETF","True","Z","N"
"TSLO","Leverage Shares 2x Capped Accelerated TSLA Monthly ETF","True","Z","N"
"TSOL","21Shares Solana ETF","True","Z","N"
"TSPX","Twin Oak Active Opportunities ETF","True","Z","N"
"TSYW","Roundhill Treasury Bond WeeklyPay ETF","True","Z","N"
"TTDU","T-REX 2X Long TTD Daily Target ETF","True","Z","N"
"TTOP","21Shares FTSE Crypto 10 Index ETF","True","P","N"
"TWO$A","Two Harbors Investments Corp 8.125% Series A Fixed-to-Floating Rate Cumulative Redeemable Preferred Stock ($25.00 liquidation preference per share)","False","N","N"
"TWO$B","Two Harbors Investments Corp 7.625% Series B Fixed-to-Floating Rate Cumulative Redeemable Preferred Stock","False","N","N"
"TWO$C","Two Harbors Investments Corp 7.25% Series C Fixed-to-Floating Rate Cumulative Redeemable Preferred Stock","False","N","N"
"TWOD","Two Harbors Investments Corp 9.375% Senior Notes due 2030","False","N","N"
"TXBC","21Shares FTSE Crypto 10 ex-BTC Index ETF","True","P","N"
"TY$","Tri Continental Corporation Preferred Stock","False","N","N"
"UBEW","Roundhill UBER WeeklyPay ETF","True","Z","N"
"UCFI","CN Healthy Food Tech Group Corp. - Common Stock","False","NASDAQ","N"
"UCFIW","CN Healthy Food Tech Group Corp. - Warrant","False","NASDAQ","N"
"UHAL.B","U-Haul Holding Company Series N Non-Voting Common Stock ","False","N","N"
"UMH$D","UMH Properties, Inc. 6.375% Series D Cumulative Redeemable Preferred Stock, Liquidation Preference $25 per share","False","N","N"
"UNHW","Roundhill UNH WeeklyPay ETF","True","Z","N"
"UNX","Tradr 2X Long U Daily ETF","True","Z","N"
"UPSX","Tradr 2X Long UPST Daily ETF","True","Z","N"
"USB$A","U.S. Bancorp Depositary Shares, Each representing a 1/100th interest in a share of Series A Non-CumulativePerpetual Pfd Stock","False","N","N"
"USB$H","U.S. Bancorp Depositary Shares repstg 1/1000th Pfd Ser B","False","N","N"
"USB$P","U.S. Bancorp Depositary Shares each representing a 1/1,000th interest in a share of Series K Non-Cumulative Perpetual Preferred Stock","False","N","N"
"USB$Q","U.S. Bancorp Depositary Shares, Each Representing a 1/1,000th Interest in a Share of Series L Non-Cumulative Perpetual Preferred Stock","False","N","N"
"USB$R","U.S. Bancorp Depositary Shares, Each Representing a 1/1,000th Interest in a Share of Series M Non-Cumulative Perpetual Preferred Stock","False","N","N"
"USB$S","U.S. Bancorp Depositary Shares, each representing a 1/1,000th interest in a share of Series O Non-Cumulative Perpetual Preferred Stock","False","N","N"
"USEW","Cambria US EW ETF","True","Z","N"
"UXAP","FT Vest U.S. Equity Uncapped Accelerator ETF - April","True","Z","N"
"UXJL","FT Vest U.S. Equity Uncapped Accelerator ETF - July","True","Z","N"
"VACI.U","Viking Acquisition Corp. I Units, each consisting of one Class A ordinary share and one-third of one Warrant","False","N","N"
"VACI.W","Viking Acquisition Corp. I Warrants to purchase one Class A Ordinary Share","False","N","N"
"VAL.W","Valaris Limited Warrants","False","N","N"
"VCLN","Virtus Duff & Phelps Clean Energy ETF","True","P","N"
"VCOB","Voya Core Bond ETF","True","P","N"
"VDI","Virtus International Dividend ETF","True","P","N"
"VDIG","Vanguard Wellington Dividend Growth Active ETF","True","Z","N"
"VGHY","Vanguard High-Yield Active ETF","True","Z","N"
"VGMS","Vanguard Multi-Sector Income Bond ETF","True","Z","N"
"VLN.W","Valens Semiconductor Ltd. Warrants, each warrant to purchase one-half of one Ordinary Share","False","N","N"
"VMAX","Hartford US Value ETF","True","Z","N"
"VMSB","Voya Multi-Sector Income ETF","True","P","N"
"VNIE","Vontobel International Equity Active ETF","True","P","N"
"VNO$L","Vornado Realty Trust Pfd Ser L %","False","N","N"
"VNO$M","Vornado Realty Trust 5.25% Series M Cumulative Redeemable Preferred Shares of Beneficial Interest, liquidation preference $25.00 per share, no par value per share","False","N","N"
"VNO$N","Vornado Realty Trust 5.25% Series N Cumulative Redeemable Preferred Shares of Beneficial Interest, liquidation preference $25.00 per share","False","N","N"
"VNO$O","Vornado Realty Trust 4.45% Series O Cumulative Redeemable Preferred Shares, Liquidation Preference $25.00 Per Share","False","N","N"
"VOYA$B","Voya Financial, Inc. Depositary Shares, each representing a 1/40th interest in a share of 5.35% Fixed-Rate Reset Non-Cumulative Preferred Stock, Series B","False","N","N"
"VOYX","Tradr 2X Long VOYG Daily ETF","True","Z","N"
"VSDB","Vanguard Short Duration Bond ETF","True","Z","N"
"VSSYW","Versus Systems Inc. - Class A Warrants","False","NASDAQ","N"
"VTEL","Vanguard Long-Term Tax-Exempt Bond ETF","True","Z","N"
"VUS","Virtus US Dividend ETF","True","P","N"
"VUSG","Vanguard Wellington U.S. Growth Active ETF","True","Z","N"
"VUSI","Voya Ultra Short Income ETF","True","P","N"
"VUSV","Vanguard Wellington U.S. Value Active ETF","True","Z","N"
"WAL$A","Western Alliance Bancorporation Depositary Shares, Each Representing a 1/400th Interest in a Share of 4.250% Fixed-Rate Non-Cumulative Perpetual Preferred Stock, Series A","False","N","N"
"WALDW","Waldencast plc - Warrant","False","NASDAQ","N"
"WBS$F","Webster Financial Corporation Depositary Shares, Each Representing 1/1,000th Interest in a Share of 5.25% Series F Non-Cumulative Perpetual Preferred Stock","False","N","N"
"WBS$G","Webster Financial Corporation Depositary Shares, each representing a 1/40th interest in a share of 6.50% Series G non-cumulative perpetual preferred stock","False","N","N"
"WEEK","Roundhill Weekly T-Bill ETF","True","Z","N"
"WFC$A","Wells Fargo & Company Depositary Shares, each representing a 1/1,000th interest in a share of Non-Cumulative Perpetual Class A Preferred Stock, Series AA","False","N","N"
"WFC$C","Wells Fargo & Company Depositary Shares, each representing a 1/1,000th interest in a share of Non-Cumulative Perpetual Class A Preferred Stock, Series CC","False","N","N"
"WFC$D","Wells Fargo & Company Depositary Shares, each representing a 1/1,000th interest in  a share of Non-Cumulative Perpetual Class A Preferred Stock, Series DD","False","N","N"
"WFC$L","Wells Fargo & Company 7.50% Non-Cumulative Perpetual Convertible Class A Preferred Stock, Series L","False","N","N"
"WFC$Y","Wells Fargo & Company Depositary Shares, each representing a 1/1,000th interest in a share of Non-Cumulative Perpetual Class A Preferred Stock, Series Y","False","N","N"
"WFC$Z","Wells Fargo & Company Depositary Shares, each representing a 1/1,000th interest in a share of Non-Cumulative Perpetual Class A Preferred Stock, Series Z","False","N","N"
"WMSB","Weitz Multisector Bond ETF","True","P","N"
"WMTI","REX WMT Growth & Income ETF","True","Z","N"
"WNTR","YieldMax MSTR Short Option Income Strategy ETF","True","P","N"
"WPAY","Roundhill WeeklyPay Universe ETF","True","Z","N"
"WQTM","WisdomTree Quantum Computing Fund","True","Z","N"
"WRB$E","W.R. Berkley Corporation 5.70% Subordinated Debentures due 2058","False","N","N"
"WRB$F","W.R. Berkley Corporation 5.10% Subordinated Debentures due 2059","False","N","N"
"WRB$G","W.R. Berkley Corporation 4.25% Subordinated Debentures due 2060","False","N","N"
"WRB$H","W.R. Berkley Corporation 4.125% Subordinated Debentures due 2061","False","N","N"
"WSO.B","Watsco, Inc. Class B Common Stock","False","N","N"
"WTPI","WisdomTree Equity Premium Income Fund","True","P","N"
"WULX","Tradr 2X Long WULF Daily ETF","True","Z","N"
"WZRD","Opportunistic Trader ETF","True","Z","N"
"XAGG","Eaton Vance Income Opportunities ETF","True","P","N"
"XDIV","Roundhill S&P 500 No Dividend Target ETF","True","Z","N"
"XRP","Bitwise XRP ETF","True","P","N"
"XRPK","T-REX 2X Long XRP Daily Target ETF","True","Z","N"
"XRPM","Amplify XRP 3% Monthly Premium Income ETF","True","Z","N"
"XRPR","REX-Osprey XRP ETF","True","Z","N"
"XRPZ","Franklin XRP ETF","True","P","N"
"XVOL","Acruence Active Hedge U.S. Equity ETF","True","Z","N"
"XXV","Simplify Ancorato Target 25 Distribution ETF","True","P","N"
"XYZY","YieldMax XYZ Option Income Strategy ETF","True","P","N"
"YCY.U","AA Mission Acquisition Corp. II Units, each consisting of one Class A ordinary share and one-half of one warrant","False","N","N"
"YCY.W","AA Mission Acquisition Corp. II Warrants, each whole warrant entitles to purchase one Class A ordinary share at a price of $11.50 per share","False","N","N"
"ZAPR","Innovator Equity Defined Protection ETF - 1 Yr April","True","Z","N"
"ZJUN","Innovator Equity Defined Protection ETF - 1 Yr June","True","Z","N"
"ZMAR","Innovator Equity Defined Protection ETF - 1 Yr March","True","Z","N"
"ZMAY","Innovator Equity Defined Protection ETF - 1 Yr May","True","Z","N"
